code,id,price,stop_price,updated_at,asset_type,order_type,currency,quantity,pnl,pnl_net,exit_at,exit_price
ENJ/USDT,1,2.46478,,2021-03-14 22:45:00+08:00,Crypto,OrderType.MARKET,USD,79702.5,3151.197742499977,-199.799996,2021-03-14 22:55:00+08:00,2.504317
ENJ/USDT,1,2.46478,,2021-03-14 22:45:00+08:00,Crypto,OrderType.MARKET,USD,1359.5,40.186819999999436,-199.799996,2021-03-14 23:00:00+08:00,2.49434
ENJ/USDT,4,2.41,,2021-03-14 23:25:00+08:00,Crypto,OrderType.MARKET,USD,82276.3,4097.359739999987,-202.585805,2021-03-14 23:35:00+08:00,2.4598
ENJ/USDT,4,2.41,,2021-03-14 23:25:00+08:00,Crypto,OrderType.MARKET,USD,1784.199999999997,71.29663199999948,-202.585805,2021-03-14 23:40:00+08:00,2.44996
ENJ/USDT,7,2.33,,2021-03-14 23:55:00+08:00,Crypto,OrderType.MARKET,USD,80200.8,19267.440192000002,-206.341538,2021-03-15 00:30:00+08:00,2.57024
ENJ/USDT,7,2.33,,2021-03-14 23:55:00+08:00,Crypto,OrderType.MARKET,USD,8357.8,1922.3775780000003,-206.341538,2021-03-15 00:35:00+08:00,2.56001
ENJ/USDT,7,2.33,,2021-03-14 23:55:00+08:00,Crypto,OrderType.MARKET,USD,3.637978807091713e-12,1.2085220078006376e-12,-206.341538,2021-03-15 01:35:00+08:00,2.662196
ENJ/USDT,10,2.50481,,2021-03-15 00:50:00+08:00,Crypto,OrderType.MARKET,USD,85211.4,13411.081400399982,-227.076556,2021-03-15 01:35:00+08:00,2.662196
ENJ/USDT,10,2.50481,,2021-03-15 00:50:00+08:00,Crypto,OrderType.MARKET,USD,5444.8,825.1213264000012,-227.076556,2021-03-15 01:40:00+08:00,2.656353
ENJ/USDT,10,2.50481,,2021-03-15 00:50:00+08:00,Crypto,OrderType.MARKET,USD,2.7284841053187847e-12,4.877192623098384e-13,-227.076556,2021-03-15 02:00:00+08:00,2.683561
ENJ/USDT,14,2.60722,,2021-03-15 01:50:00+08:00,Crypto,OrderType.MARKET,USD,89653.3,6844.222575300019,-240.830736,2021-03-15 02:00:00+08:00,2.683561
ENJ/USDT,14,2.60722,,2021-03-15 01:50:00+08:00,Crypto,OrderType.MARKET,USD,2717.399999999994,193.88649000000026,-240.830736,2021-03-15 02:10:00+08:00,2.67857
ENJ/USDT,17,2.66,,2021-03-15 02:25:00+08:00,Crypto,OrderType.MARKET,USD,90647.9,6002.794585899967,-247.373616,2021-03-15 02:35:00+08:00,2.726221
ENJ/USDT,17,2.66,,2021-03-15 02:25:00+08:00,Crypto,OrderType.MARKET,USD,2349.7,86.91540299999966,-247.373616,2021-03-15 02:50:00+08:00,2.69699
ENJ/USDT,17,2.66,,2021-03-15 02:25:00+08:00,Crypto,OrderType.MARKET,USD,1.1823431123048067e-11,1.1488236850709648e-12,-247.373616,2021-03-15 03:20:00+08:00,2.757165
ENJ/USDT,21,2.66408,,2021-03-15 03:00:00+08:00,Crypto,OrderType.MARKET,USD,91653.59999999999,8531.575356000027,-252.956794,2021-03-15 03:20:00+08:00,2.757165
ENJ/USDT,21,2.66408,,2021-03-15 03:00:00+08:00,Crypto,OrderType.MARKET,USD,3297.3,467.32303170000074,-252.956794,2021-03-15 03:50:00+08:00,2.805809
ENJ/USDT,21,2.66408,,2021-03-15 03:00:00+08:00,Crypto,OrderType.MARKET,USD,2.7284841053187847e-12,1.362332113785676e-13,-252.956794,2021-03-15 04:25:00+08:00,2.71401
ENJ/USDT,24,2.6822,,2021-03-15 04:10:00+08:00,Crypto,OrderType.MARKET,USD,96258.4,3061.9797040000108,-261.432425,2021-03-15 04:25:00+08:00,2.71401
ENJ/USDT,24,2.6822,,2021-03-15 04:10:00+08:00,Crypto,OrderType.MARKET,USD,1211.0,26.36347000000008,-261.432425,2021-03-15 04:30:00+08:00,2.70397
ENJ/USDT,28,2.62246,,2021-03-15 04:45:00+08:00,Crypto,OrderType.MARKET,USD,97137.3,8989.765703100016,-263.992296,2021-03-15 05:20:00+08:00,2.715007
ENJ/USDT,28,2.62246,,2021-03-15 04:45:00+08:00,Crypto,OrderType.MARKET,USD,3528.5999999999913,288.07490399999983,-263.992296,2021-03-15 05:25:00+08:00,2.7041
ENJ/USDT,32,2.618,,2021-03-15 05:50:00+08:00,Crypto,OrderType.MARKET,USD,101670.3,6278.751046799992,-272.724129,2021-03-15 06:05:00+08:00,2.679756
ENJ/USDT,32,2.618,,2021-03-15 05:50:00+08:00,Crypto,OrderType.MARKET,USD,2502.399999999994,178.15586560000008,-272.724129,2021-03-15 06:25:00+08:00,2.689194
ENJ/USDT,35,2.66009,,2021-03-15 06:30:00+08:00,Crypto,OrderType.MARKET,USD,99965.3,12427.985991899997,-278.623147,2021-03-15 06:55:00+08:00,2.784413
ENJ/USDT,35,2.66009,,2021-03-15 06:30:00+08:00,Crypto,OrderType.MARKET,USD,4776.699999999997,901.4110570000013,-278.623147,2021-03-15 07:05:00+08:00,2.8488
ENJ/USDT,39,2.70916,,2021-03-15 07:20:00+08:00,Crypto,OrderType.MARKET,USD,101229.9,16830.078254400018,-291.369345,2021-03-15 08:15:00+08:00,2.875416
ENJ/USDT,39,2.70916,,2021-03-15 07:20:00+08:00,Crypto,OrderType.MARKET,USD,6319.8,949.1075640000013,-291.369345,2021-03-15 08:20:00+08:00,2.85934
ENJ/USDT,39,2.70916,,2021-03-15 07:20:00+08:00,Crypto,OrderType.MARKET,USD,2.7284841053187847e-12,2.54021870205183e-14,-291.369345,2021-03-15 08:50:00+08:00,2.71847
ENJ/USDT,42,2.71846,,2021-03-15 08:45:00+08:00,Crypto,OrderType.MARKET,USD,113494.7,1.1349470000074353,-308.530802,2021-03-15 08:50:00+08:00,2.71847
ENJ/USDT,44,2.72254,,2021-03-15 08:55:00+08:00,Crypto,OrderType.MARKET,USD,111106.7,5115.352468000009,-307.915462,2021-03-15 09:00:00+08:00,2.76858
ENJ/USDT,44,2.72254,,2021-03-15 08:55:00+08:00,Crypto,OrderType.MARKET,USD,1991.9,69.95552800000009,-307.915462,2021-03-15 09:05:00+08:00,2.75766
ENJ/USDT,44,2.72254,,2021-03-15 08:55:00+08:00,Crypto,OrderType.MARKET,USD,8.640199666842818e-12,-8.504548532073388e-13,-307.915462,2021-03-15 09:30:00+08:00,2.62411
ENJ/USDT,47,2.59335,,2021-03-15 09:20:00+08:00,Crypto,OrderType.MARKET,USD,119208.29999999999,3666.8473079999876,-312.475076,2021-03-15 09:30:00+08:00,2.62411
ENJ/USDT,47,2.59335,,2021-03-15 09:20:00+08:00,Crypto,OrderType.MARKET,USD,1282.6,72.99148340000012,-312.475076,2021-03-15 10:10:00+08:00,2.650259
ENJ/USDT,47,2.59335,,2021-03-15 09:20:00+08:00,Crypto,OrderType.MARKET,USD,5.9117155615240335e-12,6.727827894792436e-13,-312.475076,2021-03-15 11:35:00+08:00,2.707155
ENJ/USDT,51,2.66779,,2021-03-15 11:10:00+08:00,Crypto,OrderType.MARKET,USD,116457.2,4584.337678000011,-315.583283,2021-03-15 11:35:00+08:00,2.707155
ENJ/USDT,51,2.66779,,2021-03-15 11:10:00+08:00,Crypto,OrderType.MARKET,USD,1836.699999999997,-18.148432700000026,-315.583283,2021-03-15 12:00:00+08:00,2.657909
ENJ/USDT,55,2.56982,,2021-03-15 12:10:00+08:00,Crypto,OrderType.MARKET,USD,122076.0,5477.183891999999,-319.509832,2021-03-15 12:15:00+08:00,2.614687
ENJ/USDT,55,2.56982,,2021-03-15 12:10:00+08:00,Crypto,OrderType.MARKET,USD,2255.6,239.27404799999988,-319.509832,2021-03-15 12:40:00+08:00,2.6759
ENJ/USDT,55,2.56982,,2021-03-15 12:10:00+08:00,Crypto,OrderType.MARKET,USD,5.9117155615240335e-12,7.819426173227846e-13,-319.509832,2021-03-15 13:00:00+08:00,2.70209
ENJ/USDT,60,2.65828,,2021-03-15 12:45:00+08:00,Crypto,OrderType.MARKET,USD,120251.7,5268.226977000015,-324.576254,2021-03-15 13:00:00+08:00,2.70209
ENJ/USDT,60,2.65828,,2021-03-15 12:45:00+08:00,Crypto,OrderType.MARKET,USD,1848.4,133.11807119999986,-324.576254,2021-03-15 13:05:00+08:00,2.730298
ENJ/USDT,60,2.65828,,2021-03-15 12:45:00+08:00,Crypto,OrderType.MARKET,USD,8.640199666842818e-12,4.150924723944639e-13,-324.576254,2021-03-15 13:55:00+08:00,2.706322
ENJ/USDT,64,2.7284,,2021-03-15 13:10:00+08:00,Crypto,OrderType.MARKET,USD,120700.19999999998,-2664.8190156000046,-329.318426,2021-03-15 13:55:00+08:00,2.706322
ENJ/USDT,64,2.7284,,2021-03-15 13:10:00+08:00,Crypto,OrderType.MARKET,USD,1.4551915228366852e-11,1.689666532911359e-12,-329.318426,2021-03-15 14:30:00+08:00,2.844513
ENJ/USDT,67,2.77757,,2021-03-15 14:15:00+08:00,Crypto,OrderType.MARKET,USD,114492.39999999998,7664.464733200021,-326.000891,2021-03-15 14:30:00+08:00,2.844513
ENJ/USDT,67,2.77757,,2021-03-15 14:15:00+08:00,Crypto,OrderType.MARKET,USD,2876.7,160.37602500000054,-326.000891,2021-03-15 14:35:00+08:00,2.83332
ENJ/USDT,67,2.77757,,2021-03-15 14:15:00+08:00,Crypto,OrderType.MARKET,USD,2.637534635141492e-11,2.391716407146313e-12,-326.000891,2021-03-15 15:05:00+08:00,2.86825
ENJ/USDT,70,2.86502,,2021-03-15 15:00:00+08:00,Crypto,OrderType.MARKET,USD,116284.99999999997,375.6005500000334,-333.158851,2021-03-15 15:05:00+08:00,2.86825
ENJ/USDT,70,2.86502,,2021-03-15 15:00:00+08:00,Crypto,OrderType.MARKET,USD,2.9103830456733704e-11,4.6519853640347755e-12,-333.158851,2021-03-15 15:55:00+08:00,3.024861
ENJ/USDT,72,2.86188,,2021-03-15 15:25:00+08:00,Crypto,OrderType.MARKET,USD,109934.09999999998,17917.169552099975,-332.868125,2021-03-15 15:55:00+08:00,3.024861
ENJ/USDT,72,2.86188,,2021-03-15 15:25:00+08:00,Crypto,OrderType.MARKET,USD,6376.9,1001.9257741999977,-332.868125,2021-03-15 16:15:00+08:00,3.018998
ENJ/USDT,72,2.86188,,2021-03-15 15:25:00+08:00,Crypto,OrderType.MARKET,USD,2.3646862246096134e-11,1.1759584594983567e-12,-332.868125,2021-03-15 16:45:00+08:00,2.91161
ENJ/USDT,77,2.87064,,2021-03-15 16:30:00+08:00,Crypto,OrderType.MARKET,USD,120877.49999999997,4952.35117500002,-351.084152,2021-03-15 16:45:00+08:00,2.91161
ENJ/USDT,77,2.87064,,2021-03-15 16:30:00+08:00,Crypto,OrderType.MARKET,USD,1424.2,78.43923920000017,-351.084152,2021-03-15 17:00:00+08:00,2.925716
ENJ/USDT,77,2.87064,,2021-03-15 16:30:00+08:00,Crypto,OrderType.MARKET,USD,2.6147972675971687e-11,7.624748832313363e-13,-351.084152,2021-03-15 17:25:00+08:00,2.8998
ENJ/USDT,81,2.9,,2021-03-15 17:20:00+08:00,Crypto,OrderType.MARKET,USD,122552.89999999997,-24.510579999997294,-355.40341,2021-03-15 17:25:00+08:00,2.8998
ENJ/USDT,81,2.9,,2021-03-15 17:20:00+08:00,Crypto,OrderType.MARKET,USD,2.9103830456733704e-11,4.447065293788963e-13,-355.40341,2021-03-15 18:05:00+08:00,2.91528
ENJ/USDT,83,2.90001,,2021-03-15 17:30:00+08:00,Crypto,OrderType.MARKET,USD,121867.09999999998,1860.9106170000139,-354.668903,2021-03-15 18:05:00+08:00,2.91528
ENJ/USDT,83,2.90001,,2021-03-15 17:30:00+08:00,Crypto,OrderType.MARKET,USD,432.1,6.417981300000003,-354.668903,2021-03-15 18:50:00+08:00,2.914863
ENJ/USDT,83,2.90001,,2021-03-15 17:30:00+08:00,Crypto,OrderType.MARKET,USD,2.034994395216927e-11,-1.4666204606328408e-12,-354.668903,2021-03-15 19:15:00+08:00,2.82794
ENJ/USDT,88,2.82774,,2021-03-15 19:10:00+08:00,Crypto,OrderType.MARKET,USD,125833.29999999999,25.166659999997226,-355.823856,2021-03-15 19:15:00+08:00,2.82794
ENJ/USDT,88,2.82774,,2021-03-15 19:10:00+08:00,Crypto,OrderType.MARKET,USD,1.4551915228366852e-11,7.418420864269121e-13,-355.823856,2021-03-15 20:00:00+08:00,2.878719
ENJ/USDT,90,2.80571,,2021-03-15 19:20:00+08:00,Crypto,OrderType.MARKET,USD,123243.39999999998,8997.877390599984,-355.138074,2021-03-15 20:00:00+08:00,2.878719
ENJ/USDT,90,2.80571,,2021-03-15 19:20:00+08:00,Crypto,OrderType.MARKET,USD,3333.5,208.1770750000004,-355.138074,2021-03-15 20:05:00+08:00,2.86816
ENJ/USDT,90,2.80571,,2021-03-15 19:20:00+08:00,Crypto,OrderType.MARKET,USD,1.4551915228366852e-11,3.020977601409233e-14,-355.138074,2021-03-15 20:25:00+08:00,2.807786
ENJ/USDT,94,2.81222,,2021-03-15 20:15:00+08:00,Crypto,OrderType.MARKET,USD,129298.59999999999,-573.3099923999775,-363.616109,2021-03-15 20:25:00+08:00,2.807786
ENJ/USDT,94,2.81222,,2021-03-15 20:15:00+08:00,Crypto,OrderType.MARKET,USD,1.4551915228366852e-11,-8.342613000422699e-13,-363.616109,2021-03-15 21:15:00+08:00,2.75489
ENJ/USDT,96,2.82,,2021-03-15 20:30:00+08:00,Crypto,OrderType.MARKET,USD,128481.39999999998,-8365.42395399997,-362.317548,2021-03-15 21:15:00+08:00,2.75489
ENJ/USDT,96,2.82,,2021-03-15 20:30:00+08:00,Crypto,OrderType.MARKET,USD,1.4551915228366852e-11,-1.5004479791969066e-12,-362.317548,2021-03-15 22:20:00+08:00,2.71689
ENJ/USDT,98,2.68282,,2021-03-15 21:20:00+08:00,Crypto,OrderType.MARKET,USD,130560.99999999999,4448.213269999977,-353.244763,2021-03-15 22:20:00+08:00,2.71689
ENJ/USDT,98,2.68282,,2021-03-15 21:20:00+08:00,Crypto,OrderType.MARKET,USD,1108.2,73.66537860000025,-353.244763,2021-03-15 22:35:00+08:00,2.749293
ENJ/USDT,98,2.68282,,2021-03-15 21:20:00+08:00,Crypto,OrderType.MARKET,USD,2.6147972675971687e-11,2.168425226045657e-12,-353.244763,2021-03-16 00:05:00+08:00,2.765749
ENJ/USDT,106,2.67509,,2021-03-15 23:55:00+08:00,Crypto,OrderType.MARKET,USD,128968.79999999997,11692.182439200004,-357.05202,2021-03-16 00:05:00+08:00,2.765749
ENJ/USDT,106,2.67509,,2021-03-15 23:55:00+08:00,Crypto,OrderType.MARKET,USD,4504.1,427.1238029999999,-357.05202,2021-03-16 00:15:00+08:00,2.76992
ENJ/USDT,106,2.67509,,2021-03-15 23:55:00+08:00,Crypto,OrderType.MARKET,USD,2.000888343900442e-11,-1.4747747627552609e-12,-357.05202,2021-03-16 01:25:00+08:00,2.601384
ENJ/USDT,110,2.694,,2021-03-16 00:25:00+08:00,Crypto,OrderType.MARKET,USD,136760.79999999996,-12666.2382528,-368.433595,2021-03-16 01:25:00+08:00,2.601384
ENJ/USDT,110,2.694,,2021-03-16 00:25:00+08:00,Crypto,OrderType.MARKET,USD,2.9103830456733704e-11,-1.7666025087237287e-12,-368.433595,2021-03-16 02:05:00+08:00,2.6333
ENJ/USDT,112,2.60167,,2021-03-16 01:50:00+08:00,Crypto,OrderType.MARKET,USD,135358.09999999998,4281.376703000035,-355.056669,2021-03-16 02:05:00+08:00,2.6333
ENJ/USDT,112,2.60167,,2021-03-16 01:50:00+08:00,Crypto,OrderType.MARKET,USD,1114.5,35.50797,-355.056669,2021-03-16 02:15:00+08:00,2.63353
ENJ/USDT,112,2.60167,,2021-03-16 01:50:00+08:00,Crypto,OrderType.MARKET,USD,2.9103830456733704e-11,-2.800952643156048e-12,-355.056669,2021-03-16 05:30:00+08:00,2.50543
ENJ/USDT,117,2.55797,,2021-03-16 02:30:00+08:00,Crypto,OrderType.MARKET,USD,140210.99999999997,-7366.685940000003,-358.655532,2021-03-16 05:30:00+08:00,2.50543
ENJ/USDT,117,2.55797,,2021-03-16 02:30:00+08:00,Crypto,OrderType.MARKET,USD,2.9103830456733704e-11,1.9498984329402415e-12,-358.655532,2021-03-16 07:15:00+08:00,2.624968
ENJ/USDT,121,2.43294,,2021-03-16 05:40:00+08:00,Crypto,OrderType.MARKET,USD,133425.09999999998,25621.355102800007,-350.586897,2021-03-16 07:15:00+08:00,2.624968
ENJ/USDT,121,2.43294,,2021-03-16 05:40:00+08:00,Crypto,OrderType.MARKET,USD,10675.0,1905.2739999999997,-350.586897,2021-03-16 07:20:00+08:00,2.61142
ENJ/USDT,121,2.43294,,2021-03-16 05:40:00+08:00,Crypto,OrderType.MARKET,USD,2.9103830456733704e-11,5.1304232329130235e-12,-350.586897,2021-03-16 07:55:00+08:00,2.60922
ENJ/USDT,127,2.54249,,2021-03-16 07:30:00+08:00,Crypto,OrderType.MARKET,USD,144485.59999999998,9641.524088000024,-377.358146,2021-03-16 07:55:00+08:00,2.60922
ENJ/USDT,127,2.54249,,2021-03-16 07:30:00+08:00,Crypto,OrderType.MARKET,USD,3935.1,247.47843899999955,-377.358146,2021-03-16 08:05:00+08:00,2.60538
ENJ/USDT,127,2.54249,,2021-03-16 07:30:00+08:00,Crypto,OrderType.MARKET,USD,3.501554601825774e-11,4.889430783805433e-12,-377.358146,2021-03-16 08:20:00+08:00,2.682126
ENJ/USDT,133,2.67884,,2021-03-16 08:15:00+08:00,Crypto,OrderType.MARKET,USD,143948.19999999998,473.0137851999536,-386.4733,2021-03-16 08:20:00+08:00,2.682126
ENJ/USDT,133,2.67884,,2021-03-16 08:15:00+08:00,Crypto,OrderType.MARKET,USD,320.7,10.600417799999972,-386.4733,2021-03-16 08:35:00+08:00,2.711894
ENJ/USDT,133,2.67884,,2021-03-16 08:15:00+08:00,Crypto,OrderType.MARKET,USD,1.1652900866465643e-11,4.70544136987881e-13,-386.4733,2021-03-16 08:55:00+08:00,2.71922
ENJ/USDT,138,2.71923,,2021-03-16 08:50:00+08:00,Crypto,OrderType.MARKET,USD,142019.5,-1.420195000009304,-386.183685,2021-03-16 08:55:00+08:00,2.71922
ENJ/USDT,140,2.68768,,2021-03-16 09:10:00+08:00,Crypto,OrderType.MARKET,USD,143114.2,6453.019278000012,-385.410893,2021-03-16 09:25:00+08:00,2.73277
ENJ/USDT,140,2.68768,,2021-03-16 09:10:00+08:00,Crypto,OrderType.MARKET,USD,284.8999999999942,45.60394299999911,-385.410893,2021-03-16 10:00:00+08:00,2.84775
ENJ/USDT,145,2.80081,,2021-03-16 10:25:00+08:00,Crypto,OrderType.MARKET,USD,139647.6,-2354.3188883999633,-391.126395,2021-03-16 10:50:00+08:00,2.783951
ENJ/USDT,147,2.7472,,2021-03-16 10:55:00+08:00,Crypto,OrderType.MARKET,USD,140888.2,559.4670421999925,-387.995298,2021-03-16 12:25:00+08:00,2.751171
ENJ/USDT,147,2.7472,,2021-03-16 10:55:00+08:00,Crypto,OrderType.MARKET,USD,344.79999999998836,9.604748799999788,-387.995298,2021-03-16 12:55:00+08:00,2.775056
ENJ/USDT,154,2.81958,,2021-03-16 13:05:00+08:00,Crypto,OrderType.MARKET,USD,137534.0,-4716.040860000052,-387.788116,2021-03-16 13:20:00+08:00,2.78529
ENJ/USDT,156,2.78546,,2021-03-16 13:30:00+08:00,Crypto,OrderType.MARKET,USD,137250.8,177.0535320000018,-382.306613,2021-03-16 13:35:00+08:00,2.78675
ENJ/USDT,158,2.71428,,2021-03-16 13:50:00+08:00,Crypto,OrderType.MARKET,USD,139485.9,3692.191772999968,-381.719511,2021-03-16 14:05:00+08:00,2.74075
ENJ/USDT,158,2.71428,,2021-03-16 13:50:00+08:00,Crypto,OrderType.MARKET,USD,1147.8999999999942,-2.0317830000000465,-381.719511,2021-03-16 14:25:00+08:00,2.71251
ENJ/USDT,162,2.69814,,2021-03-16 14:40:00+08:00,Crypto,OrderType.MARKET,USD,142557.3,339.2863740000069,-384.639553,2021-03-16 14:45:00+08:00,2.70052
ENJ/USDT,164,2.69501,,2021-03-16 14:50:00+08:00,Crypto,OrderType.MARKET,USD,141122.4,3499.271030400037,-384.209519,2021-03-16 15:00:00+08:00,2.719806
ENJ/USDT,164,2.69501,,2021-03-16 14:50:00+08:00,Crypto,OrderType.MARKET,USD,1440.8999999999942,35.23720950000003,-384.209519,2021-03-16 15:05:00+08:00,2.719465
ENJ/USDT,168,2.64366,,2021-03-16 15:20:00+08:00,Crypto,OrderType.MARKET,USD,146376.4,-5798.701085999994,-386.969434,2021-03-16 15:45:00+08:00,2.604045
ENJ/USDT,170,2.5938,,2021-03-16 15:55:00+08:00,Crypto,OrderType.MARKET,USD,146660.9,510.37993200002194,-380.409042,2021-03-16 16:35:00+08:00,2.59728
ENJ/USDT,173,2.57597,,2021-03-16 16:40:00+08:00,Crypto,OrderType.MARKET,USD,147578.8,1462.5059080000126,-380.158561,2021-03-16 16:50:00+08:00,2.58588
ENJ/USDT,175,2.57975,,2021-03-16 16:55:00+08:00,Crypto,OrderType.MARKET,USD,147633.9,-79.72230600006334,-380.858554,2021-03-16 17:00:00+08:00,2.57921
ENJ/USDT,177,2.50404,,2021-03-16 17:10:00+08:00,Crypto,OrderType.MARKET,USD,151761.9,-3142.9889489999673,-380.017868,2021-03-16 17:25:00+08:00,2.48333
ENJ/USDT,179,2.44152,,2021-03-16 17:30:00+08:00,Crypto,OrderType.MARKET,USD,148199.9,13913.154811899949,-376.122016,2021-03-16 18:10:00+08:00,2.535401
ENJ/USDT,179,2.44152,,2021-03-16 17:30:00+08:00,Crypto,OrderType.MARKET,USD,5852.5,634.8733474999999,-376.122016,2021-03-16 18:15:00+08:00,2.549999
ENJ/USDT,182,2.47608,,2021-03-16 18:30:00+08:00,Crypto,OrderType.MARKET,USD,155190.4,6364.3583039999985,-389.889499,2021-03-16 18:50:00+08:00,2.51709
ENJ/USDT,182,2.47608,,2021-03-16 18:30:00+08:00,Crypto,OrderType.MARKET,USD,2272.0,53.61920000000015,-389.889499,2021-03-16 18:55:00+08:00,2.49968
ENJ/USDT,185,2.49778,,2021-03-16 19:00:00+08:00,Crypto,OrderType.MARKET,USD,154973.7,8030.427186599988,-395.51572,2021-03-16 19:25:00+08:00,2.549598
ENJ/USDT,185,2.49778,,2021-03-16 19:00:00+08:00,Crypto,OrderType.MARKET,USD,3373.1999999999825,217.09915199999804,-395.51572,2021-03-16 20:50:00+08:00,2.56214
ENJ/USDT,191,2.54927,,2021-03-16 20:55:00+08:00,Crypto,OrderType.MARKET,USD,158067.4,-5094.828436800006,-402.956481,2021-03-16 21:40:00+08:00,2.517038
ENJ/USDT,193,2.52687,,2021-03-16 22:30:00+08:00,Crypto,OrderType.MARKET,USD,154970.4,5712.208943999984,-397.06654,2021-03-16 23:55:00+08:00,2.56373
ENJ/USDT,193,2.52687,,2021-03-16 22:30:00+08:00,Crypto,OrderType.MARKET,USD,2167.3,190.2672670000001,-397.06654,2021-03-17 01:00:00+08:00,2.61466
ENJ/USDT,193,2.52687,,2021-03-16 22:30:00+08:00,Crypto,OrderType.MARKET,USD,1.7280399333685637e-11,1.707303454168137e-12,-397.06654,2021-03-17 01:55:00+08:00,2.62567
ENJ/USDT,200,2.59307,,2021-03-17 01:25:00+08:00,Crypto,OrderType.MARKET,USD,154043.29999999996,5021.811579999993,-402.163894,2021-03-17 01:55:00+08:00,2.62567
ENJ/USDT,200,2.59307,,2021-03-17 01:25:00+08:00,Crypto,OrderType.MARKET,USD,1048.5,-54.0333990000002,-402.163894,2021-03-17 02:30:00+08:00,2.541536
ENJ/USDT,200,2.59307,,2021-03-17 01:25:00+08:00,Crypto,OrderType.MARKET,USD,2.9103830456733704e-11,-1.4726829249411791e-12,-402.163894,2021-03-17 03:15:00+08:00,2.542469
ENJ/USDT,203,2.52317,,2021-03-17 02:45:00+08:00,Crypto,OrderType.MARKET,USD,159652.79999999996,3081.1393872000276,-406.318429,2021-03-17 03:15:00+08:00,2.542469
ENJ/USDT,203,2.52317,,2021-03-17 02:45:00+08:00,Crypto,OrderType.MARKET,USD,1382.1,-50.61250200000013,-406.318429,2021-03-17 04:25:00+08:00,2.48655
ENJ/USDT,203,2.52317,,2021-03-17 02:45:00+08:00,Crypto,OrderType.MARKET,USD,3.501554601825774e-11,-1.3761109585175252e-12,-406.318429,2021-03-17 04:50:00+08:00,2.48387
ENJ/USDT,209,2.48664,,2021-03-17 04:35:00+08:00,Crypto,OrderType.MARKET,USD,164290.39999999997,-455.08440799998993,-408.53108,2021-03-17 04:50:00+08:00,2.48387
ENJ/USDT,209,2.48664,,2021-03-17 04:35:00+08:00,Crypto,OrderType.MARKET,USD,2.9103830456733704e-11,-1.3287353795021773e-12,-408.53108,2021-03-17 05:15:00+08:00,2.440985
ENJ/USDT,212,2.43737,,2021-03-17 05:00:00+08:00,Crypto,OrderType.MARKET,USD,166675.99999999997,602.5337399999872,-407.260641,2021-03-17 05:15:00+08:00,2.440985
ENJ/USDT,212,2.43737,,2021-03-17 05:00:00+08:00,Crypto,OrderType.MARKET,USD,414.2,1.630291199999975,-407.260641,2021-03-17 05:25:00+08:00,2.441306
ENJ/USDT,212,2.43737,,2021-03-17 05:00:00+08:00,Crypto,OrderType.MARKET,USD,4.0756731323199347e-11,1.902116650853704e-12,-407.260641,2021-03-17 06:05:00+08:00,2.48404
ENJ/USDT,215,2.47705,,2021-03-17 05:40:00+08:00,Crypto,OrderType.MARKET,USD,163826.39999999997,1145.1465359999354,-407.049911,2021-03-17 06:05:00+08:00,2.48404
ENJ/USDT,215,2.47705,,2021-03-17 05:40:00+08:00,Crypto,OrderType.MARKET,USD,502.1,7.465222799999941,-407.049911,2021-03-17 06:10:00+08:00,2.491918
ENJ/USDT,215,2.47705,,2021-03-17 05:40:00+08:00,Crypto,OrderType.MARKET,USD,3.490185918053612e-11,-8.981644441519294e-13,-407.049911,2021-03-17 07:05:00+08:00,2.451316
ENJ/USDT,221,2.45281,,2021-03-17 06:20:00+08:00,Crypto,OrderType.MARKET,USD,166024.89999999997,-248.04120060001762,-407.386722,2021-03-17 07:05:00+08:00,2.451316
ENJ/USDT,221,2.45281,,2021-03-17 06:20:00+08:00,Crypto,OrderType.MARKET,USD,64.9,-0.06749600000000987,-407.386722,2021-03-17 07:45:00+08:00,2.45177
ENJ/USDT,221,2.45281,,2021-03-17 06:20:00+08:00,Crypto,OrderType.MARKET,USD,2.3277380023500882e-11,-2.5767826912215213e-12,-407.386722,2021-03-17 09:05:00+08:00,2.342111
ENJ/USDT,225,2.40108,,2021-03-17 08:35:00+08:00,Crypto,OrderType.MARKET,USD,169225.99999999997,-9979.087993999969,-406.325164,2021-03-17 09:05:00+08:00,2.342111
ENJ/USDT,225,2.40108,,2021-03-17 08:35:00+08:00,Crypto,OrderType.MARKET,USD,2.9103830456733704e-11,-1.047941623255601e-12,-406.325164,2021-03-17 10:10:00+08:00,2.365073
ENJ/USDT,227,2.32841,,2021-03-17 09:10:00+08:00,Crypto,OrderType.MARKET,USD,167081.09999999998,6125.694369300055,-395.554249,2021-03-17 10:10:00+08:00,2.365073
ENJ/USDT,227,2.32841,,2021-03-17 09:10:00+08:00,Crypto,OrderType.MARKET,USD,2800.6,76.54039800000021,-395.554249,2021-03-17 10:15:00+08:00,2.35574
ENJ/USDT,227,2.32841,,2021-03-17 09:10:00+08:00,Crypto,OrderType.MARKET,USD,3.501554601825774e-11,6.386835593730379e-14,-395.554249,2021-03-17 12:30:00+08:00,2.330234
ENJ/USDT,232,2.3174,,2021-03-17 11:25:00+08:00,Crypto,OrderType.MARKET,USD,171893.99999999997,2206.0875959999635,-400.953767,2021-03-17 12:30:00+08:00,2.330234
ENJ/USDT,232,2.3174,,2021-03-17 11:25:00+08:00,Crypto,OrderType.MARKET,USD,1124.8,88.55100480000007,-400.953767,2021-03-17 13:05:00+08:00,2.396126
ENJ/USDT,232,2.3174,,2021-03-17 11:25:00+08:00,Crypto,OrderType.MARKET,USD,1.750777300912887e-11,1.8201080820290344e-12,-400.953767,2021-03-17 13:20:00+08:00,2.42136
ENJ/USDT,237,2.42136,,2021-03-17 13:15:00+08:00,Crypto,OrderType.MARKET,USD,166205.29999999996,0.0,-402.442865,2021-03-17 13:20:00+08:00,2.42136
ENJ/USDT,237,2.42136,,2021-03-17 13:15:00+08:00,Crypto,OrderType.MARKET,USD,2.9103830456733704e-11,-1.1317897588014612e-12,-402.442865,2021-03-17 14:15:00+08:00,2.382472
ENJ/USDT,239,2.405,,2021-03-17 13:25:00+08:00,Crypto,OrderType.MARKET,USD,167001.49999999997,-3762.2097919999796,-401.638608,2021-03-17 14:15:00+08:00,2.382472
ENJ/USDT,239,2.405,,2021-03-17 13:25:00+08:00,Crypto,OrderType.MARKET,USD,2.9103830456733704e-11,-3.2770913094280997e-13,-401.638608,2021-03-17 14:25:00+08:00,2.39374
ENJ/USDT,241,2.39854,,2021-03-17 14:20:00+08:00,Crypto,OrderType.MARKET,USD,165551.29999999996,-794.6462399999858,-397.081415,2021-03-17 14:25:00+08:00,2.39374
ENJ/USDT,241,2.39854,,2021-03-17 14:20:00+08:00,Crypto,OrderType.MARKET,USD,2.9103830456733704e-11,5.826586857438002e-13,-397.081415,2021-03-17 15:00:00+08:00,2.41856
ENJ/USDT,243,2.40622,,2021-03-17 14:35:00+08:00,Crypto,OrderType.MARKET,USD,164363.59999999998,2028.2468240000026,-395.494982,2021-03-17 15:00:00+08:00,2.41856
ENJ/USDT,243,2.40622,,2021-03-17 14:35:00+08:00,Crypto,OrderType.MARKET,USD,2.9103830456733704e-11,1.128646545112134e-12,-395.494982,2021-03-17 15:15:00+08:00,2.445
ENJ/USDT,245,2.45635,,2021-03-17 15:05:00+08:00,Crypto,OrderType.MARKET,USD,161511.59999999998,-1833.156660000031,-396.729019,2021-03-17 15:15:00+08:00,2.445
ENJ/USDT,245,2.45635,,2021-03-17 15:05:00+08:00,Crypto,OrderType.MARKET,USD,2.9103830456733704e-11,-8.716597221791721e-13,-396.729019,2021-03-17 18:45:00+08:00,2.4264
ENJ/USDT,247,2.44651,,2021-03-17 18:30:00+08:00,Crypto,OrderType.MARKET,USD,161089.39999999997,-3239.507833999975,-394.106828,2021-03-17 18:45:00+08:00,2.4264
ENJ/USDT,247,2.44651,,2021-03-17 18:30:00+08:00,Crypto,OrderType.MARKET,USD,2.9103830456733704e-11,-1.1725933291018185e-13,-394.106828,2021-03-17 19:35:00+08:00,2.442481
ENJ/USDT,249,2.42991,,2021-03-17 19:20:00+08:00,Crypto,OrderType.MARKET,USD,159549.49999999997,2005.6967644999818,-390.086331,2021-03-17 19:35:00+08:00,2.442481
ENJ/USDT,249,2.42991,,2021-03-17 19:20:00+08:00,Crypto,OrderType.MARKET,USD,985.8,4.771272000000175,-390.086331,2021-03-17 19:40:00+08:00,2.43475
ENJ/USDT,249,2.42991,,2021-03-17 19:20:00+08:00,Crypto,OrderType.MARKET,USD,1.750777300912887e-11,8.261918083007925e-13,-390.086331,2021-03-17 20:50:00+08:00,2.4771
ENJ/USDT,252,2.46522,,2021-03-17 20:20:00+08:00,Crypto,OrderType.MARKET,USD,158018.89999999997,1877.2645320000174,-391.313492,2021-03-17 20:50:00+08:00,2.4771
ENJ/USDT,252,2.46522,,2021-03-17 20:20:00+08:00,Crypto,OrderType.MARKET,USD,714.8,-34.18102120000004,-391.313492,2021-03-17 21:50:00+08:00,2.417401
ENJ/USDT,252,2.46522,,2021-03-17 20:20:00+08:00,Crypto,OrderType.MARKET,USD,4.661160346586257e-11,6.477614533650944e-13,-391.313492,2021-03-17 22:30:00+08:00,2.479117
ENJ/USDT,257,2.46397,,2021-03-17 22:20:00+08:00,Crypto,OrderType.MARKET,USD,158112.29999999993,2394.927008099967,-392.37096,2021-03-17 22:30:00+08:00,2.479117
ENJ/USDT,257,2.46397,,2021-03-17 22:20:00+08:00,Crypto,OrderType.MARKET,USD,1131.1,20.56339799999959,-392.37096,2021-03-17 22:45:00+08:00,2.48215
ENJ/USDT,257,2.46397,,2021-03-17 22:20:00+08:00,Crypto,OrderType.MARKET,USD,6.411937647499144e-11,3.8407506508506674e-14,-392.37096,2021-03-18 00:00:00+08:00,2.464569
ENJ/USDT,260,2.47349,,2021-03-17 23:40:00+08:00,Crypto,OrderType.MARKET,USD,159288.19999999995,-1421.0100321999928,-393.99777,2021-03-18 00:00:00+08:00,2.464569
ENJ/USDT,260,2.47349,,2021-03-17 23:40:00+08:00,Crypto,OrderType.MARKET,USD,5.820766091346741e-11,7.778115104883919e-12,-393.99777,2021-03-18 00:35:00+08:00,2.607117
ENJ/USDT,262,2.48801,,2021-03-18 00:10:00+08:00,Crypto,OrderType.MARKET,USD,150127.89999999994,17881.283785300002,-391.792408,2021-03-18 00:35:00+08:00,2.607117
ENJ/USDT,262,2.48801,,2021-03-18 00:10:00+08:00,Crypto,OrderType.MARKET,USD,7344.3,988.0139903999999,-391.792408,2021-03-18 00:40:00+08:00,2.622538
ENJ/USDT,262,2.48801,,2021-03-18 00:10:00+08:00,Crypto,OrderType.MARKET,USD,7.548806024715304e-11,5.376259650802227e-12,-391.792408,2021-03-18 00:55:00+08:00,2.55923
ENJ/USDT,267,2.56133,,2021-03-18 00:50:00+08:00,Crypto,OrderType.MARKET,USD,160011.09999999992,-336.02330999999833,-409.841231,2021-03-18 00:55:00+08:00,2.55923
ENJ/USDT,267,2.56133,,2021-03-18 00:50:00+08:00,Crypto,OrderType.MARKET,USD,8.731149137020111e-11,3.598106559366024e-13,-409.841231,2021-03-18 01:05:00+08:00,2.565451
ENJ/USDT,269,2.54,,2021-03-18 01:00:00+08:00,Crypto,OrderType.MARKET,USD,159144.9999999999,4050.3993949999804,-408.687016,2021-03-18 01:05:00+08:00,2.565451
ENJ/USDT,269,2.54,,2021-03-18 01:00:00+08:00,Crypto,OrderType.MARKET,USD,1755.4,40.55325080000031,-408.687016,2021-03-18 01:10:00+08:00,2.563102
ENJ/USDT,269,2.54,,2021-03-18 01:00:00+08:00,Crypto,OrderType.MARKET,USD,8.139977580867708e-11,4.1269686334999256e-12,-408.687016,2021-03-18 01:30:00+08:00,2.5907
ENJ/USDT,272,2.58204,,2021-03-18 01:20:00+08:00,Crypto,OrderType.MARKET,USD,159545.59999999992,1381.6648959999818,-411.953121,2021-03-18 01:30:00+08:00,2.5907
ENJ/USDT,272,2.58204,,2021-03-18 01:20:00+08:00,Crypto,OrderType.MARKET,USD,8.731149137020111e-11,-3.212189767509727e-12,-411.953121,2021-03-18 02:10:00+08:00,2.54525
ENJ/USDT,274,2.54204,,2021-03-18 01:50:00+08:00,Crypto,OrderType.MARKET,USD,161908.19999999992,519.7253219999533,-412.509033,2021-03-18 02:10:00+08:00,2.54525
ENJ/USDT,274,2.54204,,2021-03-18 01:50:00+08:00,Crypto,OrderType.MARKET,USD,366.6,2.382899999999982,-412.509033,2021-03-18 02:30:00+08:00,2.54854
ENJ/USDT,274,2.54204,,2021-03-18 01:50:00+08:00,Crypto,OrderType.MARKET,USD,6.400568963726982e-11,-4.1859721022775824e-13,-412.509033,2021-03-18 03:25:00+08:00,2.5355
ENJ/USDT,280,2.53549,,2021-03-18 03:20:00+08:00,Crypto,OrderType.MARKET,USD,162574.39999999994,1.62574400001065,-412.205765,2021-03-18 03:25:00+08:00,2.5355
ENJ/USDT,280,2.53549,,2021-03-18 03:20:00+08:00,Crypto,OrderType.MARKET,USD,5.820766091346741e-11,-2.0500738173722075e-13,-412.205765,2021-03-18 05:05:00+08:00,2.531968
ENJ/USDT,282,2.54217,,2021-03-18 03:40:00+08:00,Crypto,OrderType.MARKET,USD,161823.89999999994,-1650.9274278000066,-411.383864,2021-03-18 05:05:00+08:00,2.531968
ENJ/USDT,282,2.54217,,2021-03-18 03:40:00+08:00,Crypto,OrderType.MARKET,USD,5.820766091346741e-11,3.0401861295103897e-12,-411.383864,2021-03-18 06:25:00+08:00,2.5944
ENJ/USDT,284,2.53662,,2021-03-18 05:10:00+08:00,Crypto,OrderType.MARKET,USD,157822.19999999995,9118.966715999954,-408.914305,2021-03-18 06:25:00+08:00,2.5944
ENJ/USDT,284,2.53662,,2021-03-18 05:10:00+08:00,Crypto,OrderType.MARKET,USD,3382.2,598.0778081999998,-408.914305,2021-03-18 07:30:00+08:00,2.713451
ENJ/USDT,284,2.53662,,2021-03-18 05:10:00+08:00,Crypto,OrderType.MARKET,USD,4.092726157978177e-11,1.0167150321649381e-11,-408.914305,2021-03-18 08:00:00+08:00,2.78504
ENJ/USDT,290,2.73288,,2021-03-18 07:35:00+08:00,Crypto,OrderType.MARKET,USD,151570.79999999996,7905.932927999962,-417.795042,2021-03-18 08:00:00+08:00,2.78504
ENJ/USDT,290,2.73288,,2021-03-18 07:35:00+08:00,Crypto,OrderType.MARKET,USD,1306.4,14.438332799999792,-417.795042,2021-03-18 08:05:00+08:00,2.743932
ENJ/USDT,290,2.73288,,2021-03-18 07:35:00+08:00,Crypto,OrderType.MARKET,USD,5.2295945351943374e-11,-3.227601155231261e-12,-417.795042,2021-03-18 08:50:00+08:00,2.671162
ENJ/USDT,293,2.68895,,2021-03-18 08:20:00+08:00,Crypto,OrderType.MARKET,USD,158003.99999999994,-2810.575152000056,-424.864856,2021-03-18 08:50:00+08:00,2.671162
ENJ/USDT,293,2.68895,,2021-03-18 08:20:00+08:00,Crypto,OrderType.MARKET,USD,5.820766091346741e-11,-1.3003591448068763e-12,-424.864856,2021-03-18 09:05:00+08:00,2.66661
ENJ/USDT,295,2.66499,,2021-03-18 08:55:00+08:00,Crypto,OrderType.MARKET,USD,158053.49999999994,256.0466699999928,-421.210997,2021-03-18 09:05:00+08:00,2.66661
ENJ/USDT,295,2.66499,,2021-03-18 08:55:00+08:00,Crypto,OrderType.MARKET,USD,5.820766091346741e-11,3.5273842513562275e-13,-421.210997,2021-03-18 09:15:00+08:00,2.67105
ENJ/USDT,297,2.67154,,2021-03-18 09:10:00+08:00,Crypto,OrderType.MARKET,USD,157446.59999999995,-77.14883399994604,-420.62489,2021-03-18 09:15:00+08:00,2.67105
ENJ/USDT,297,2.67154,,2021-03-18 09:10:00+08:00,Crypto,OrderType.MARKET,USD,5.820766091346741e-11,8.394126780331145e-13,-420.62489,2021-03-18 09:25:00+08:00,2.685961
ENJ/USDT,299,2.6583,,2021-03-18 09:20:00+08:00,Crypto,OrderType.MARKET,USD,156103.59999999995,4317.981679599954,-419.707556,2021-03-18 09:25:00+08:00,2.685961
ENJ/USDT,299,2.6583,,2021-03-18 09:20:00+08:00,Crypto,OrderType.MARKET,USD,1782.1,25.929554999999716,-419.707556,2021-03-18 09:30:00+08:00,2.67285
ENJ/USDT,299,2.6583,,2021-03-18 09:20:00+08:00,Crypto,OrderType.MARKET,USD,6.411937647499144e-11,-6.37346602161433e-13,-419.707556,2021-03-18 09:50:00+08:00,2.64836
ENJ/USDT,302,2.66506,,2021-03-18 09:40:00+08:00,Crypto,OrderType.MARKET,USD,158797.19999999995,-2651.9132400000244,-423.204066,2021-03-18 09:50:00+08:00,2.64836
ENJ/USDT,302,2.66506,,2021-03-18 09:40:00+08:00,Crypto,OrderType.MARKET,USD,5.820766091346741e-11,1.4249235391618147e-13,-423.204066,2021-03-18 11:15:00+08:00,2.667508
ENJ/USDT,304,2.6579,,2021-03-18 10:15:00+08:00,Crypto,OrderType.MARKET,USD,157185.09999999995,1510.234440800009,-419.711913,2021-03-18 11:15:00+08:00,2.667508
ENJ/USDT,304,2.6579,,2021-03-18 10:15:00+08:00,Crypto,OrderType.MARKET,USD,726.0,-14.048100000000145,-419.711913,2021-03-18 11:45:00+08:00,2.63855
ENJ/USDT,304,2.6579,,2021-03-18 10:15:00+08:00,Crypto,OrderType.MARKET,USD,5.820766091346741e-11,-1.852749846875682e-12,-419.711913,2021-03-18 12:00:00+08:00,2.62607
ENJ/USDT,312,2.62209,,2021-03-18 11:55:00+08:00,Crypto,OrderType.MARKET,USD,160317.39999999994,638.0632519999793,-420.366651,2021-03-18 12:00:00+08:00,2.62607
ENJ/USDT,312,2.62209,,2021-03-18 11:55:00+08:00,Crypto,OrderType.MARKET,USD,5.820766091346741e-11,4.83123585581765e-13,-420.366651,2021-03-18 12:55:00+08:00,2.63039
ENJ/USDT,314,2.56924,,2021-03-18 12:05:00+08:00,Crypto,OrderType.MARKET,USD,159574.69999999995,9757.992904999932,-420.16349,2021-03-18 12:55:00+08:00,2.63039
ENJ/USDT,314,2.56924,,2021-03-18 12:05:00+08:00,Crypto,OrderType.MARKET,USD,3961.4,95.35089799999838,-420.16349,2021-03-18 13:45:00+08:00,2.59331
ENJ/USDT,314,2.56924,,2021-03-18 12:05:00+08:00,Crypto,OrderType.MARKET,USD,5.2295945351943374e-11,5.6551266425230854e-12,-420.16349,2021-03-18 15:35:00+08:00,2.677377
ENJ/USDT,323,2.58274,,2021-03-18 14:45:00+08:00,Crypto,OrderType.MARKET,USD,160130.19999999995,15154.241737400009,-429.157635,2021-03-18 15:35:00+08:00,2.677377
ENJ/USDT,323,2.58274,,2021-03-18 14:45:00+08:00,Crypto,OrderType.MARKET,USD,6033.5,434.2732295000024,-429.157635,2021-03-18 15:45:00+08:00,2.654717
ENJ/USDT,323,2.58274,,2021-03-18 14:45:00+08:00,Crypto,OrderType.MARKET,USD,5.820766091346741e-11,1.5556579455733315e-12,-429.157635,2021-03-18 18:10:00+08:00,2.609466
ENJ/USDT,327,2.67379,,2021-03-18 16:50:00+08:00,Crypto,OrderType.MARKET,USD,166003.09999999995,-10677.983404400005,-443.857429,2021-03-18 18:10:00+08:00,2.609466
ENJ/USDT,327,2.67379,,2021-03-18 16:50:00+08:00,Crypto,OrderType.MARKET,USD,5.820766091346741e-11,-3.955210559070043e-13,-443.857429,2021-03-18 22:20:00+08:00,2.666995
ENJ/USDT,332,2.58716,,2021-03-18 18:35:00+08:00,Crypto,OrderType.MARKET,USD,161935.69999999995,12928.136609500012,-432.313919,2021-03-18 22:20:00+08:00,2.666995
ENJ/USDT,332,2.58716,,2021-03-18 18:35:00+08:00,Crypto,OrderType.MARKET,USD,5164.1,415.3485630000012,-432.313919,2021-03-18 22:30:00+08:00,2.66759
ENJ/USDT,332,2.58716,,2021-03-18 18:35:00+08:00,Crypto,OrderType.MARKET,USD,3.456079866737127e-11,2.3224856704473547e-12,-432.313919,2021-03-18 22:55:00+08:00,2.65436
ENJ/USDT,340,2.66244,,2021-03-18 22:45:00+08:00,Crypto,OrderType.MARKET,USD,167052.39999999997,-1349.7833920000144,-444.766992,2021-03-18 22:55:00+08:00,2.65436
ENJ/USDT,340,2.66244,,2021-03-18 22:45:00+08:00,Crypto,OrderType.MARKET,USD,2.9103830456733704e-11,-1.080625224858532e-12,-444.766992,2021-03-19 00:05:00+08:00,2.62531
ENJ/USDT,343,2.70323,,2021-03-18 23:35:00+08:00,Crypto,OrderType.MARKET,USD,163704.69999999998,-12755.870224000033,-442.531456,2021-03-19 00:05:00+08:00,2.62531
ENJ/USDT,343,2.70323,,2021-03-18 23:35:00+08:00,Crypto,OrderType.MARKET,USD,2.9103830456733704e-11,-3.432214725762602e-12,-442.531456,2021-03-19 00:50:00+08:00,2.5853
ENJ/USDT,345,2.58383,,2021-03-19 00:10:00+08:00,Crypto,OrderType.MARKET,USD,165740.19999999998,243.63809400005042,-428.916814,2021-03-19 00:50:00+08:00,2.5853
ENJ/USDT,345,2.58383,,2021-03-19 00:10:00+08:00,Crypto,OrderType.MARKET,USD,260.2,4.204571800000009,-428.916814,2021-03-19 01:00:00+08:00,2.599989
ENJ/USDT,345,2.58383,,2021-03-19 00:10:00+08:00,Crypto,OrderType.MARKET,USD,1.1652900866465643e-11,-2.565968770795726e-13,-428.916814,2021-03-19 01:30:00+08:00,2.56181
ENJ/USDT,349,2.56197,,2021-03-19 01:25:00+08:00,Crypto,OrderType.MARKET,USD,167178.8,-26.74860800002675,-428.30707,2021-03-19 01:30:00+08:00,2.56181
ENJ/USDT,351,2.559,,2021-03-19 01:50:00+08:00,Crypto,OrderType.MARKET,USD,164186.2,6845.086864199951,-427.424652,2021-03-19 03:40:00+08:00,2.600691
ENJ/USDT,351,2.559,,2021-03-19 01:50:00+08:00,Crypto,OrderType.MARKET,USD,2841.7999999999884,29.2307547999993,-427.424652,2021-03-19 06:20:00+08:00,2.569286
ENJ/USDT,356,2.58216,,2021-03-19 06:45:00+08:00,Crypto,OrderType.MARKET,USD,167856.1,-3096.2736205999936,-433.431307,2021-03-19 18:00:00+08:00,2.563714
ENJ/USDT,372,2.49797,,2021-03-19 22:00:00+08:00,Crypto,OrderType.MARKET,USD,171929.7,-1793.054841300042,-429.475233,2021-03-19 23:50:00+08:00,2.487541
ENJ/USDT,379,2.41771,,2021-03-20 00:30:00+08:00,Crypto,OrderType.MARKET,USD,172740.1,8903.024754000025,-426.827601,2021-03-20 07:20:00+08:00,2.46925
ENJ/USDT,379,2.41771,,2021-03-20 00:30:00+08:00,Crypto,OrderType.MARKET,USD,3802.0,136.16862999999972,-426.827601,2021-03-20 11:20:00+08:00,2.453525
ENJ/USDT,391,2.45317,,2021-03-20 13:10:00+08:00,Crypto,OrderType.MARKET,USD,177320.0,-9993.932519999978,-434.996104,2021-03-20 14:15:00+08:00,2.396809
ENJ/USDT,394,2.4,,2021-03-20 14:40:00+08:00,Crypto,OrderType.MARKET,USD,176730.4,-1142.3853055999652,-424.15296,2021-03-20 16:10:00+08:00,2.393536
ENJ/USDT,397,2.34614,,2021-03-20 16:55:00+08:00,Crypto,OrderType.MARKET,USD,178466.3,3036.6040944999604,-422.16537,2021-03-20 17:05:00+08:00,2.363155
ENJ/USDT,397,2.34614,,2021-03-20 16:55:00+08:00,Crypto,OrderType.MARKET,USD,1474.1,8.061852899999593,-422.16537,2021-03-20 17:30:00+08:00,2.351609
ENJ/USDT,397,2.34614,,2021-03-20 16:55:00+08:00,Crypto,OrderType.MARKET,USD,5.9117155615240335e-12,2.8281647246330907e-13,-422.16537,2021-03-20 19:15:00+08:00,2.39398
ENJ/USDT,404,2.39401,,2021-03-20 19:10:00+08:00,Crypto,OrderType.MARKET,USD,177248.1,-5.317443000034836,-424.360537,2021-03-20 19:15:00+08:00,2.39398
ENJ/USDT,404,2.39401,,2021-03-20 19:10:00+08:00,Crypto,OrderType.MARKET,USD,11.199999999982538,-0.12331199999980982,-424.360537,2021-03-20 19:30:00+08:00,2.383
ENJ/USDT,409,2.38427,,2021-03-20 19:45:00+08:00,Crypto,OrderType.MARKET,USD,177625.5,-3784.4889030000086,-423.507151,2021-03-20 21:25:00+08:00,2.362964
ENJ/USDT,415,2.34323,,2021-03-20 21:55:00+08:00,Crypto,OrderType.MARKET,USD,178763.5,-23809.510565000066,-418.883996,2021-03-20 23:55:00+08:00,2.21004
ENJ/USDT,418,2.15226,,2021-03-21 00:00:00+08:00,Crypto,OrderType.MARKET,USD,173387.4,20716.49993939999,-394.285208,2021-03-21 00:20:00+08:00,2.271741
ENJ/USDT,418,2.15226,,2021-03-21 00:00:00+08:00,Crypto,OrderType.MARKET,USD,9808.5,1275.3011700000002,-394.285208,2021-03-21 00:35:00+08:00,2.28228
ENJ/USDT,424,2.24853,,2021-03-21 01:10:00+08:00,Crypto,OrderType.MARKET,USD,184763.1,-13339.711056900065,-415.445373,2021-03-21 02:45:00+08:00,2.176331
ENJ/USDT,431,2.16671,,2021-03-21 02:50:00+08:00,Crypto,OrderType.MARKET,USD,182423.0,5643.437928000014,-401.302209,2021-03-21 03:30:00+08:00,2.197646
ENJ/USDT,431,2.16671,,2021-03-21 02:50:00+08:00,Crypto,OrderType.MARKET,USD,2789.7,173.65882499999913,-401.302209,2021-03-21 04:05:00+08:00,2.22896
ENJ/USDT,431,2.16671,,2021-03-21 02:50:00+08:00,Crypto,OrderType.MARKET,USD,1.1823431123048067e-11,4.07435436500233e-13,-401.302209,2021-03-21 05:30:00+08:00,2.20117
ENJ/USDT,440,2.17355,,2021-03-21 05:05:00+08:00,Crypto,OrderType.MARKET,USD,184401.9,5093.180477999955,-406.305831,2021-03-21 05:30:00+08:00,2.20117
ENJ/USDT,440,2.17355,,2021-03-21 05:05:00+08:00,Crypto,OrderType.MARKET,USD,2530.0,179.8146899999993,-406.305831,2021-03-21 05:45:00+08:00,2.244623
ENJ/USDT,445,2.24126,,2021-03-21 05:55:00+08:00,Crypto,OrderType.MARKET,USD,181649.4,6339.564059999987,-410.756393,2021-03-21 06:20:00+08:00,2.27616
ENJ/USDT,445,2.24126,,2021-03-21 05:55:00+08:00,Crypto,OrderType.MARKET,USD,1620.8999999999942,126.90188189999972,-410.756393,2021-03-21 06:30:00+08:00,2.319551
ENJ/USDT,449,2.30003,,2021-03-21 06:40:00+08:00,Crypto,OrderType.MARKET,USD,181036.5,-859.9233750000058,-416.389381,2021-03-21 06:50:00+08:00,2.29528
ENJ/USDT,451,2.25798,,2021-03-21 06:55:00+08:00,Crypto,OrderType.MARKET,USD,180639.3,6404.927660100013,-414.699252,2021-03-21 07:10:00+08:00,2.293437
ENJ/USDT,451,2.25798,,2021-03-21 06:55:00+08:00,Crypto,OrderType.MARKET,USD,3020.1,82.08631799999995,-414.699252,2021-03-21 07:15:00+08:00,2.28516
ENJ/USDT,451,2.25798,,2021-03-21 06:55:00+08:00,Crypto,OrderType.MARKET,USD,5.9117155615240335e-12,5.718402462662197e-13,-414.699252,2021-03-21 08:30:00+08:00,2.35471
ENJ/USDT,456,2.29361,,2021-03-21 07:55:00+08:00,Crypto,OrderType.MARKET,USD,178717.1,10919.614809999948,-420.344629,2021-03-21 08:30:00+08:00,2.35471
ENJ/USDT,456,2.29361,,2021-03-21 07:55:00+08:00,Crypto,OrderType.MARKET,USD,4550.6,301.56826199999927,-420.344629,2021-03-21 09:05:00+08:00,2.35988
ENJ/USDT,456,2.29361,,2021-03-21 07:55:00+08:00,Crypto,OrderType.MARKET,USD,5.4569682106375694e-12,7.225025910883976e-14,-420.344629,2021-03-21 13:30:00+08:00,2.30685
ENJ/USDT,469,2.28786,,2021-03-21 09:45:00+08:00,Crypto,OrderType.MARKET,USD,187143.7,3553.8588630000118,-430.703601,2021-03-21 13:30:00+08:00,2.30685
ENJ/USDT,469,2.28786,,2021-03-21 09:45:00+08:00,Crypto,OrderType.MARKET,USD,1112.3999999999942,18.23223600000029,-430.703601,2021-03-21 13:35:00+08:00,2.30425
ENJ/USDT,476,2.32,,2021-03-21 14:10:00+08:00,Crypto,OrderType.MARKET,USD,186813.8,-425.93546399996967,-433.408016,2021-03-21 14:15:00+08:00,2.31772
ENJ/USDT,478,2.281,,2021-03-21 14:50:00+08:00,Crypto,OrderType.MARKET,USD,189441.9,-3530.6286903000027,-432.116974,2021-03-21 16:45:00+08:00,2.262363
ENJ/USDT,484,2.28595,,2021-03-21 17:40:00+08:00,Crypto,OrderType.MARKET,USD,182197.3,14122.112722999953,-427.730048,2021-03-21 18:35:00+08:00,2.36346
ENJ/USDT,484,2.28595,,2021-03-21 17:40:00+08:00,Crypto,OrderType.MARKET,USD,4915.3,244.97855199999836,-427.730048,2021-03-21 18:45:00+08:00,2.33579
ENJ/USDT,484,2.28595,,2021-03-21 17:40:00+08:00,Crypto,OrderType.MARKET,USD,1.7280399333685637e-11,1.356856955680991e-12,-427.730048,2021-03-21 19:25:00+08:00,2.36447
ENJ/USDT,489,2.35198,,2021-03-21 19:05:00+08:00,Crypto,OrderType.MARKET,USD,186778.29999999996,2332.8609669999373,-441.213808,2021-03-21 19:25:00+08:00,2.36447
ENJ/USDT,489,2.35198,,2021-03-21 19:05:00+08:00,Crypto,OrderType.MARKET,USD,814.2,10.741740599999828,-441.213808,2021-03-21 19:30:00+08:00,2.365173
ENJ/USDT,489,2.35198,,2021-03-21 19:05:00+08:00,Crypto,OrderType.MARKET,USD,4.069988790433854e-11,1.6503804545209132e-12,-441.213808,2021-03-21 19:55:00+08:00,2.39253
ENJ/USDT,493,2.39141,,2021-03-21 19:45:00+08:00,Crypto,OrderType.MARKET,USD,185108.79999999996,207.3218559999607,-442.671035,2021-03-21 19:55:00+08:00,2.39253
ENJ/USDT,493,2.39141,,2021-03-21 19:45:00+08:00,Crypto,OrderType.MARKET,USD,2.9103830456733704e-11,-1.2989039532840301e-12,-442.671035,2021-03-21 20:40:00+08:00,2.34678
ENJ/USDT,495,2.34,,2021-03-21 20:25:00+08:00,Crypto,OrderType.MARKET,USD,188152.29999999996,1275.6725940000013,-441.993708,2021-03-21 20:40:00+08:00,2.34678
ENJ/USDT,495,2.34,,2021-03-21 20:25:00+08:00,Crypto,OrderType.MARKET,USD,733.9,42.42675900000027,-441.993708,2021-03-21 21:00:00+08:00,2.39781
ENJ/USDT,495,2.34,,2021-03-21 20:25:00+08:00,Crypto,OrderType.MARKET,USD,5.240963218966499e-11,6.813252184656466e-12,-441.993708,2021-03-21 21:20:00+08:00,2.47
ENJ/USDT,500,2.4054,,2021-03-21 21:10:00+08:00,Crypto,OrderType.MARKET,USD,179415.49999999994,11590.241299999994,-442.425944,2021-03-21 21:20:00+08:00,2.47
ENJ/USDT,500,2.4054,,2021-03-21 21:10:00+08:00,Crypto,OrderType.MARKET,USD,4514.8,364.5926739999996,-442.425944,2021-03-21 21:30:00+08:00,2.486155
ENJ/USDT,500,2.4054,,2021-03-21 21:10:00+08:00,Crypto,OrderType.MARKET,USD,4.638422979041934e-11,3.5066477721556867e-12,-442.425944,2021-03-21 21:55:00+08:00,2.481
ENJ/USDT,504,2.49,,2021-03-21 21:40:00+08:00,Crypto,OrderType.MARKET,USD,182117.59999999995,-1639.0584000000617,-453.472824,2021-03-21 21:55:00+08:00,2.481
ENJ/USDT,504,2.49,,2021-03-21 21:40:00+08:00,Crypto,OrderType.MARKET,USD,5.820766091346741e-11,-1.6047852113843148e-12,-453.472824,2021-03-21 22:20:00+08:00,2.46243
ENJ/USDT,506,2.43279,,2021-03-21 22:15:00+08:00,Crypto,OrderType.MARKET,USD,182941.39999999994,5422.383096000019,-450.931007,2021-03-21 22:20:00+08:00,2.46243
ENJ/USDT,506,2.43279,,2021-03-21 22:15:00+08:00,Crypto,OrderType.MARKET,USD,2414.1,74.55947850000013,-450.931007,2021-03-21 22:25:00+08:00,2.463675
ENJ/USDT,506,2.43279,,2021-03-21 22:15:00+08:00,Crypto,OrderType.MARKET,USD,6.411937647499144e-11,-7.905919119363851e-14,-450.931007,2021-03-21 22:55:00+08:00,2.431557
ENJ/USDT,509,2.41976,,2021-03-21 22:45:00+08:00,Crypto,OrderType.MARKET,USD,187147.99999999994,2207.78495600001,-455.51619,2021-03-21 22:55:00+08:00,2.431557
ENJ/USDT,509,2.41976,,2021-03-21 22:45:00+08:00,Crypto,OrderType.MARKET,USD,1100.5,15.988063999999861,-455.51619,2021-03-21 23:30:00+08:00,2.434288
ENJ/USDT,509,2.41976,,2021-03-21 22:45:00+08:00,Crypto,OrderType.MARKET,USD,5.820766091346741e-11,-1.1379597708582982e-12,-455.51619,2021-03-22 00:05:00+08:00,2.40021
ENJ/USDT,515,2.43219,,2021-03-21 23:35:00+08:00,Crypto,OrderType.MARKET,USD,187824.69999999995,-6006.633905999979,-456.825357,2021-03-22 00:05:00+08:00,2.40021
ENJ/USDT,515,2.43219,,2021-03-21 23:35:00+08:00,Crypto,OrderType.MARKET,USD,5.820766091346741e-11,-1.9842991605401012e-12,-456.825357,2021-03-22 00:15:00+08:00,2.3981
ENJ/USDT,517,2.39663,,2021-03-22 00:10:00+08:00,Crypto,OrderType.MARKET,USD,187690.49999999994,275.9050349999737,-449.917912,2021-03-22 00:15:00+08:00,2.3981
ENJ/USDT,517,2.39663,,2021-03-22 00:10:00+08:00,Crypto,OrderType.MARKET,USD,38.9,-3.050693600000002,-449.917912,2021-03-22 01:40:00+08:00,2.318206
ENJ/USDT,517,2.39663,,2021-03-22 00:10:00+08:00,Crypto,OrderType.MARKET,USD,5.2388315907592187e-11,-7.464287250513638e-13,-449.917912,2021-03-22 02:35:00+08:00,2.382382
ENJ/USDT,521,2.37532,,2021-03-22 02:30:00+08:00,Crypto,OrderType.MARKET,USD,188400.69999999995,1330.4857434000648,-449.291303,2021-03-22 02:35:00+08:00,2.382382
ENJ/USDT,521,2.37532,,2021-03-22 02:30:00+08:00,Crypto,OrderType.MARKET,USD,749.1,-1.5468914999999877,-449.291303,2021-03-22 02:40:00+08:00,2.373255
ENJ/USDT,521,2.37532,,2021-03-22 02:30:00+08:00,Crypto,OrderType.MARKET,USD,3.490185918053612e-11,-2.204680640716094e-12,-449.291303,2021-03-22 08:25:00+08:00,2.312152
ENJ/USDT,524,2.37261,,2021-03-22 03:30:00+08:00,Crypto,OrderType.MARKET,USD,189546.49999999997,-11459.602296999938,-449.719921,2021-03-22 08:25:00+08:00,2.312152
ENJ/USDT,524,2.37261,,2021-03-22 03:30:00+08:00,Crypto,OrderType.MARKET,USD,2.9103830456733704e-11,-3.259454388171426e-12,-449.719921,2021-03-22 13:45:00+08:00,2.260616
ENJ/USDT,532,2.33546,,2021-03-22 11:05:00+08:00,Crypto,OrderType.MARKET,USD,187279.89999999997,-14016.77683559994,-437.384715,2021-03-22 13:45:00+08:00,2.260616
ENJ/USDT,532,2.33546,,2021-03-22 11:05:00+08:00,Crypto,OrderType.MARKET,USD,2.9103830456733704e-11,-2.676097210496657e-12,-437.384715,2021-03-22 18:15:00+08:00,2.24351
ENJ/USDT,538,2.23419,,2021-03-22 16:20:00+08:00,Crypto,OrderType.MARKET,USD,188237.89999999997,1754.3772280000405,-422.52197,2021-03-22 18:15:00+08:00,2.24351
ENJ/USDT,538,2.23419,,2021-03-22 16:20:00+08:00,Crypto,OrderType.MARKET,USD,878.5,2.400061999999962,-422.52197,2021-03-22 18:25:00+08:00,2.236922
ENJ/USDT,538,2.23419,,2021-03-22 16:20:00+08:00,Crypto,OrderType.MARKET,USD,2.9103830456733704e-11,3.63535946235068e-13,-422.52197,2021-03-22 19:45:00+08:00,2.246681
ENJ/USDT,542,2.19743,,2021-03-22 19:10:00+08:00,Crypto,OrderType.MARKET,USD,188281.29999999996,9273.042306299985,-423.431137,2021-03-22 19:45:00+08:00,2.246681
ENJ/USDT,542,2.19743,,2021-03-22 19:10:00+08:00,Crypto,OrderType.MARKET,USD,4412.5,187.37239999999926,-423.431137,2021-03-22 19:55:00+08:00,2.239894
ENJ/USDT,542,2.19743,,2021-03-22 19:10:00+08:00,Crypto,OrderType.MARKET,USD,2.9103830456733704e-11,-2.0143052097410002e-12,-423.431137,2021-03-22 21:05:00+08:00,2.128219
ENJ/USDT,547,2.21111,,2021-03-22 20:20:00+08:00,Crypto,OrderType.MARKET,USD,195388.99999999997,-16195.989599000008,-432.026572,2021-03-22 21:05:00+08:00,2.128219
ENJ/USDT,547,2.21111,,2021-03-22 20:20:00+08:00,Crypto,OrderType.MARKET,USD,2.9103830456733704e-11,-2.3201573640108112e-12,-432.026572,2021-03-22 22:00:00+08:00,2.13139
ENJ/USDT,550,2.12221,,2021-03-22 21:35:00+08:00,Crypto,OrderType.MARKET,USD,195550.79999999996,1795.1563440000364,-414.999863,2021-03-22 22:00:00+08:00,2.13139
ENJ/USDT,550,2.12221,,2021-03-22 21:35:00+08:00,Crypto,OrderType.MARKET,USD,2.9103830456733704e-11,3.8614962249994445e-13,-414.999863,2021-03-22 22:15:00+08:00,2.135478
ENJ/USDT,554,2.1152,,2021-03-22 22:05:00+08:00,Crypto,OrderType.MARKET,USD,194591.79999999996,3945.9325203999597,-415.962118,2021-03-22 22:15:00+08:00,2.135478
ENJ/USDT,554,2.1152,,2021-03-22 22:05:00+08:00,Crypto,OrderType.MARKET,USD,2062.0,29.424739999999552,-415.962118,2021-03-22 22:20:00+08:00,2.12947
ENJ/USDT,554,2.1152,,2021-03-22 22:05:00+08:00,Crypto,OrderType.MARKET,USD,2.9103830456733704e-11,2.0689913071691954e-12,-415.962118,2021-03-22 23:15:00+08:00,2.18629
ENJ/USDT,558,2.18619,,2021-03-22 23:10:00+08:00,Crypto,OrderType.MARKET,USD,191702.69999999998,19.170270000040453,-419.098526,2021-03-22 23:15:00+08:00,2.18629
ENJ/USDT,558,2.18619,,2021-03-22 23:10:00+08:00,Crypto,OrderType.MARKET,USD,2.9103830456733704e-11,-6.229674909263754e-13,-419.098526,2021-03-23 00:45:00+08:00,2.164785
ENJ/USDT,560,2.16868,,2021-03-22 23:50:00+08:00,Crypto,OrderType.MARKET,USD,192873.19999999998,-751.2411139999964,-418.280251,2021-03-23 00:45:00+08:00,2.164785
ENJ/USDT,560,2.16868,,2021-03-22 23:50:00+08:00,Crypto,OrderType.MARKET,USD,2.9103830456733704e-11,-3.6123674362897875e-12,-418.280251,2021-03-23 05:25:00+08:00,2.04456
ENJ/USDT,563,2.15136,,2021-03-23 02:50:00+08:00,Crypto,OrderType.MARKET,USD,193688.99999999997,-20685.985199999956,-416.694767,2021-03-23 05:25:00+08:00,2.04456
ENJ/USDT,563,2.15136,,2021-03-23 02:50:00+08:00,Crypto,OrderType.MARKET,USD,2.9103830456733704e-11,-2.045388100668781e-12,-416.694767,2021-03-23 07:45:00+08:00,2.081081
ENJ/USDT,567,2.02949,,2021-03-23 05:45:00+08:00,Crypto,OrderType.MARKET,USD,189719.99999999997,9787.84452000003,-395.217606,2021-03-23 07:45:00+08:00,2.081081
ENJ/USDT,567,2.02949,,2021-03-23 05:45:00+08:00,Crypto,OrderType.MARKET,USD,5017.4,366.3705480000004,-395.217606,2021-03-23 08:25:00+08:00,2.10251
ENJ/USDT,567,2.02949,,2021-03-23 05:45:00+08:00,Crypto,OrderType.MARKET,USD,2.3646862246096134e-11,2.2038875613361585e-12,-395.217606,2021-03-23 10:50:00+08:00,2.12269
ENJ/USDT,578,2.11344,,2021-03-23 10:20:00+08:00,Crypto,OrderType.MARKET,USD,190658.79999999996,1763.5938999999535,-404.56187,2021-03-23 10:50:00+08:00,2.12269
ENJ/USDT,578,2.11344,,2021-03-23 10:20:00+08:00,Crypto,OrderType.MARKET,USD,764.6,-11.805424000000261,-404.56187,2021-03-23 11:50:00+08:00,2.098
ENJ/USDT,578,2.11344,,2021-03-23 10:20:00+08:00,Crypto,OrderType.MARKET,USD,3.490185918053612e-11,1.28613351080275e-12,-404.56187,2021-03-23 13:45:00+08:00,2.15029
ENJ/USDT,585,2.13666,,2021-03-23 12:35:00+08:00,Crypto,OrderType.MARKET,USD,188749.69999999998,2572.658411000006,-405.501745,2021-03-23 13:45:00+08:00,2.15029
ENJ/USDT,585,2.13666,,2021-03-23 12:35:00+08:00,Crypto,OrderType.MARKET,USD,1033.3,3.864542000000079,-405.501745,2021-03-23 14:00:00+08:00,2.1404
ENJ/USDT,585,2.13666,,2021-03-23 12:35:00+08:00,Crypto,OrderType.MARKET,USD,1.750777300912887e-11,1.1029896995751139e-13,-405.501745,2021-03-23 14:35:00+08:00,2.14296
ENJ/USDT,593,2.14455,,2021-03-23 14:30:00+08:00,Crypto,OrderType.MARKET,USD,189906.09999999998,-301.9506990000384,-407.263127,2021-03-23 14:35:00+08:00,2.14296
ENJ/USDT,593,2.14455,,2021-03-23 14:30:00+08:00,Crypto,OrderType.MARKET,USD,2.9103830456733704e-11,-1.7549609765410365e-13,-407.263127,2021-03-23 15:10:00+08:00,2.13852
ENJ/USDT,595,2.13744,,2021-03-23 14:45:00+08:00,Crypto,OrderType.MARKET,USD,189730.39999999997,204.9088320000785,-406.148013,2021-03-23 15:10:00+08:00,2.13852
ENJ/USDT,595,2.13744,,2021-03-23 14:45:00+08:00,Crypto,OrderType.MARKET,USD,285.7,-25.47586899999993,-406.148013,2021-03-23 19:55:00+08:00,2.04827
ENJ/USDT,595,2.13744,,2021-03-23 14:45:00+08:00,Crypto,OrderType.MARKET,USD,4.0756731323199347e-11,-4.83729417055656e-12,-406.148013,2021-03-24 00:30:00+08:00,2.018753
ENJ/USDT,607,2.07037,,2021-03-23 22:00:00+08:00,Crypto,OrderType.MARKET,USD,195866.19999999998,-10110.025645400046,-405.515504,2021-03-24 00:30:00+08:00,2.018753
ENJ/USDT,607,2.07037,,2021-03-23 22:00:00+08:00,Crypto,OrderType.MARKET,USD,2.9103830456733704e-11,3.7369318306447905e-14,-405.515504,2021-03-24 01:30:00+08:00,2.071654
ENJ/USDT,613,2.005,,2021-03-24 01:00:00+08:00,Crypto,OrderType.MARKET,USD,190292.99999999997,12683.789622000038,-394.615479,2021-03-24 01:30:00+08:00,2.071654
ENJ/USDT,613,2.005,,2021-03-24 01:00:00+08:00,Crypto,OrderType.MARKET,USD,6522.7,1009.2182348000019,-394.615479,2021-03-24 01:55:00+08:00,2.159724
ENJ/USDT,613,2.005,,2021-03-24 01:00:00+08:00,Crypto,OrderType.MARKET,USD,4.092726157978177e-11,1.031080500979443e-11,-394.615479,2021-03-24 02:40:00+08:00,2.25693
ENJ/USDT,619,2.28675,,2021-03-24 02:25:00+08:00,Crypto,OrderType.MARKET,USD,178197.29999999996,-5313.843485999992,-407.492676,2021-03-24 02:40:00+08:00,2.25693
ENJ/USDT,619,2.28675,,2021-03-24 02:25:00+08:00,Crypto,OrderType.MARKET,USD,2.9103830456733704e-11,3.4327968023717403e-12,-407.492676,2021-03-24 06:00:00+08:00,2.4047
ENJ/USDT,621,2.4378,,2021-03-24 05:45:00+08:00,Crypto,OrderType.MARKET,USD,164646.49999999997,-5449.799150000021,-401.375238,2021-03-24 06:00:00+08:00,2.4047
ENJ/USDT,621,2.4378,,2021-03-24 05:45:00+08:00,Crypto,OrderType.MARKET,USD,2.9103830456733704e-11,-9.814393706619748e-13,-401.375238,2021-03-24 06:35:00+08:00,2.404078
ENJ/USDT,623,2.34664,,2021-03-24 06:25:00+08:00,Crypto,OrderType.MARKET,USD,164195.89999999997,9431.08410420005,-395.134518,2021-03-24 06:35:00+08:00,2.404078
ENJ/USDT,623,2.34664,,2021-03-24 06:25:00+08:00,Crypto,OrderType.MARKET,USD,4187.2,379.0672160000009,-395.134518,2021-03-24 06:55:00+08:00,2.43717
ENJ/USDT,623,2.34664,,2021-03-24 06:25:00+08:00,Crypto,OrderType.MARKET,USD,4.092726157978177e-11,1.7119873518822729e-12,-395.134518,2021-03-24 07:50:00+08:00,2.38847
ENJ/USDT,629,2.38298,,2021-03-24 07:30:00+08:00,Crypto,OrderType.MARKET,USD,169592.49999999997,931.062824999999,-404.135536,2021-03-24 07:50:00+08:00,2.38847
ENJ/USDT,629,2.38298,,2021-03-24 07:30:00+08:00,Crypto,OrderType.MARKET,USD,2.9103830456733704e-11,-1.9712024368345499e-13,-404.135536,2021-03-24 08:40:00+08:00,2.376207
ENJ/USDT,631,2.38101,,2021-03-24 07:55:00+08:00,Crypto,OrderType.MARKET,USD,169783.89999999997,-815.4720716999813,-404.257164,2021-03-24 08:40:00+08:00,2.376207
ENJ/USDT,631,2.38101,,2021-03-24 07:55:00+08:00,Crypto,OrderType.MARKET,USD,2.9103830456733704e-11,2.5317422114312685e-12,-404.257164,2021-03-24 10:10:00+08:00,2.468
ENJ/USDT,633,2.39253,,2021-03-24 09:15:00+08:00,Crypto,OrderType.MARKET,USD,165037.09999999998,12455.349937000023,-402.635763,2021-03-24 10:10:00+08:00,2.468
ENJ/USDT,633,2.39253,,2021-03-24 09:15:00+08:00,Crypto,OrderType.MARKET,USD,3251.6,142.80051719999994,-402.635763,2021-03-24 10:15:00+08:00,2.436447
ENJ/USDT,633,2.39253,,2021-03-24 09:15:00+08:00,Crypto,OrderType.MARKET,USD,3.501554601825774e-11,2.444785422994755e-12,-402.635763,2021-03-24 10:30:00+08:00,2.46235
ENJ/USDT,641,2.44658,,2021-03-24 10:20:00+08:00,Crypto,OrderType.MARKET,USD,168402.69999999998,2655.7105789999728,-414.404167,2021-03-24 10:30:00+08:00,2.46235
ENJ/USDT,641,2.44658,,2021-03-24 10:20:00+08:00,Crypto,OrderType.MARKET,USD,978.3,9.387766800000156,-414.404167,2021-03-24 10:35:00+08:00,2.456176
ENJ/USDT,641,2.44658,,2021-03-24 10:20:00+08:00,Crypto,OrderType.MARKET,USD,1.750777300912887e-11,-9.188429430650997e-13,-414.404167,2021-03-24 11:10:00+08:00,2.394098
ENJ/USDT,644,2.44806,,2021-03-24 10:40:00+08:00,Crypto,OrderType.MARKET,USD,170026.89999999997,-9174.991577799972,-416.236053,2021-03-24 11:10:00+08:00,2.394098
ENJ/USDT,644,2.44806,,2021-03-24 10:40:00+08:00,Crypto,OrderType.MARKET,USD,2.9103830456733704e-11,-1.6100239008665095e-12,-416.236053,2021-03-24 11:25:00+08:00,2.39274
ENJ/USDT,647,2.39496,,2021-03-24 11:20:00+08:00,Crypto,OrderType.MARKET,USD,169626.09999999998,-376.5699420000564,-406.247724,2021-03-24 11:25:00+08:00,2.39274
ENJ/USDT,647,2.39496,,2021-03-24 11:20:00+08:00,Crypto,OrderType.MARKET,USD,2.9103830456733704e-11,4.12858207710087e-12,-406.247724,2021-03-24 14:05:00+08:00,2.536817
ENJ/USDT,649,2.38691,,2021-03-24 11:30:00+08:00,Crypto,OrderType.MARKET,USD,159513.09999999998,23912.130281700032,-405.060298,2021-03-24 14:05:00+08:00,2.536817
ENJ/USDT,649,2.38691,,2021-03-24 11:30:00+08:00,Crypto,OrderType.MARKET,USD,10187.6,92.40153200000363,-405.060298,2021-03-24 15:35:00+08:00,2.39598
ENJ/USDT,649,2.38691,,2021-03-24 11:30:00+08:00,Crypto,OrderType.MARKET,USD,3.456079866737127e-11,-4.0574377635494164e-13,-405.060298,2021-03-24 16:25:00+08:00,2.37517
ENJ/USDT,657,2.37634,,2021-03-24 15:40:00+08:00,Crypto,OrderType.MARKET,USD,180196.19999999998,-210.82955400002078,-428.207438,2021-03-24 16:25:00+08:00,2.37517
ENJ/USDT,657,2.37634,,2021-03-24 15:40:00+08:00,Crypto,OrderType.MARKET,USD,2.9103830456733704e-11,2.5582266971469016e-12,-428.207438,2021-03-24 17:05:00+08:00,2.46424
ENJ/USDT,660,2.41483,,2021-03-24 16:45:00+08:00,Crypto,OrderType.MARKET,USD,174010.79999999996,8597.873628000067,-427.141409,2021-03-24 17:05:00+08:00,2.46424
ENJ/USDT,660,2.41483,,2021-03-24 16:45:00+08:00,Crypto,OrderType.MARKET,USD,2871.8,27.046612400000427,-427.141409,2021-03-24 17:15:00+08:00,2.424248
ENJ/USDT,660,2.41483,,2021-03-24 16:45:00+08:00,Crypto,OrderType.MARKET,USD,4.638422979041934e-11,-8.089409675448984e-13,-427.141409,2021-03-24 19:10:00+08:00,2.39739
ENJ/USDT,665,2.46869,,2021-03-24 18:05:00+08:00,Crypto,OrderType.MARKET,USD,176164.59999999995,-12560.535979999982,-434.895786,2021-03-24 19:10:00+08:00,2.39739
ENJ/USDT,665,2.46869,,2021-03-24 18:05:00+08:00,Crypto,OrderType.MARKET,USD,5.820766091346741e-11,-5.180481821298597e-12,-434.895786,2021-03-24 19:25:00+08:00,2.37969
ENJ/USDT,667,2.37223,,2021-03-24 19:15:00+08:00,Crypto,OrderType.MARKET,USD,177677.29999999993,1325.4726580000033,-421.491421,2021-03-24 19:25:00+08:00,2.37969
ENJ/USDT,667,2.37223,,2021-03-24 19:15:00+08:00,Crypto,OrderType.MARKET,USD,5.820766091346741e-11,-2.1803425624966616e-12,-421.491421,2021-03-24 19:45:00+08:00,2.334772
ENJ/USDT,669,2.36204,,2021-03-24 19:30:00+08:00,Crypto,OrderType.MARKET,USD,178647.29999999993,-4871.354576399971,-421.972068,2021-03-24 19:45:00+08:00,2.334772
ENJ/USDT,669,2.36204,,2021-03-24 19:30:00+08:00,Crypto,OrderType.MARKET,USD,5.820766091346741e-11,-3.780587576329712e-12,-421.972068,2021-03-24 20:00:00+08:00,2.29709
ENJ/USDT,671,2.3176,,2021-03-24 19:50:00+08:00,Crypto,OrderType.MARKET,USD,179611.39999999994,-3683.829814000044,-416.267381,2021-03-24 20:00:00+08:00,2.29709
ENJ/USDT,671,2.3176,,2021-03-24 19:50:00+08:00,Crypto,OrderType.MARKET,USD,5.820766091346741e-11,-1.6349367797374662e-12,-416.267381,2021-03-24 21:25:00+08:00,2.289512
ENJ/USDT,673,2.25027,,2021-03-24 20:05:00+08:00,Crypto,OrderType.MARKET,USD,179666.09999999995,7050.457096200038,-411.75913,2021-03-24 21:25:00+08:00,2.289512
ENJ/USDT,673,2.25027,,2021-03-24 20:05:00+08:00,Crypto,OrderType.MARKET,USD,3316.0,160.85915999999943,-411.75913,2021-03-24 21:50:00+08:00,2.29878
ENJ/USDT,673,2.25027,,2021-03-24 20:05:00+08:00,Crypto,OrderType.MARKET,USD,5.820766091346741e-11,-3.677327185869211e-12,-411.75913,2021-03-24 23:25:00+08:00,2.187094
ENJ/USDT,680,2.25874,,2021-03-24 21:55:00+08:00,Crypto,OrderType.MARKET,USD,185117.99999999994,-13262.964227999973,-418.133431,2021-03-24 23:25:00+08:00,2.187094
ENJ/USDT,680,2.25874,,2021-03-24 21:55:00+08:00,Crypto,OrderType.MARKET,USD,5.820766091346741e-11,-4.865229129791266e-12,-418.133431,2021-03-24 23:45:00+08:00,2.175156
ENJ/USDT,682,2.14067,,2021-03-24 23:30:00+08:00,Crypto,OrderType.MARKET,USD,185576.49999999994,6399.79117899996,-404.061524,2021-03-24 23:45:00+08:00,2.175156
ENJ/USDT,682,2.14067,,2021-03-24 23:30:00+08:00,Crypto,OrderType.MARKET,USD,3178.2,99.58254060000017,-404.061524,2021-03-24 23:50:00+08:00,2.172003
ENJ/USDT,682,2.14067,,2021-03-24 23:30:00+08:00,Crypto,OrderType.MARKET,USD,7.003109203651547e-11,4.217132300254881e-12,-404.061524,2021-03-25 00:25:00+08:00,2.200888
ENJ/USDT,686,2.14789,,2021-03-24 23:55:00+08:00,Crypto,OrderType.MARKET,USD,185984.49999999994,9856.806531000015,-409.740518,2021-03-25 00:25:00+08:00,2.200888
ENJ/USDT,686,2.14789,,2021-03-24 23:55:00+08:00,Crypto,OrderType.MARKET,USD,4779.7,17.503261400001318,-409.740518,2021-03-25 00:35:00+08:00,2.151552
ENJ/USDT,686,2.14789,,2021-03-24 23:55:00+08:00,Crypto,OrderType.MARKET,USD,7.003109203651547e-11,-1.41483815241372e-12,-409.740518,2021-03-25 00:55:00+08:00,2.127687
ENJ/USDT,689,2.1401,,2021-03-25 00:45:00+08:00,Crypto,OrderType.MARKET,USD,195680.79999999993,-2428.9857704000005,-418.77648,2021-03-25 00:55:00+08:00,2.127687
ENJ/USDT,689,2.1401,,2021-03-25 00:45:00+08:00,Crypto,OrderType.MARKET,USD,5.820766091346741e-11,-7.182825356721888e-13,-418.77648,2021-03-25 02:45:00+08:00,2.12776
ENJ/USDT,691,2.13382,,2021-03-25 01:00:00+08:00,Crypto,OrderType.MARKET,USD,194728.49999999994,-1180.054710000034,-415.515568,2021-03-25 02:45:00+08:00,2.12776
ENJ/USDT,691,2.13382,,2021-03-25 01:00:00+08:00,Crypto,OrderType.MARKET,USD,5.820766091346741e-11,3.4237746149301455e-12,-415.515568,2021-03-25 05:25:00+08:00,2.19264
ENJ/USDT,696,2.08945,,2021-03-25 03:35:00+08:00,Crypto,OrderType.MARKET,USD,188640.19999999995,19465.782238000018,-413.507797,2021-03-25 05:25:00+08:00,2.19264
ENJ/USDT,696,2.08945,,2021-03-25 03:35:00+08:00,Crypto,OrderType.MARKET,USD,9262.5,726.707962500002,-413.507797,2021-03-25 05:35:00+08:00,2.167907
ENJ/USDT,696,2.08945,,2021-03-25 03:35:00+08:00,Crypto,OrderType.MARKET,USD,5.820766091346741e-11,4.405737854540363e-12,-413.507797,2021-03-25 06:25:00+08:00,2.16514
ENJ/USDT,700,2.18343,,2021-03-25 06:05:00+08:00,Crypto,OrderType.MARKET,USD,198235.69999999995,-3625.730952999983,-432.833774,2021-03-25 06:25:00+08:00,2.16514
ENJ/USDT,700,2.18343,,2021-03-25 06:05:00+08:00,Crypto,OrderType.MARKET,USD,5.820766091346741e-11,-1.7129350453615065e-12,-432.833774,2021-03-25 06:40:00+08:00,2.154002
ENJ/USDT,703,2.14328,,2021-03-25 06:30:00+08:00,Crypto,OrderType.MARKET,USD,198663.89999999994,2130.0743358000673,-428.350368,2021-03-25 06:40:00+08:00,2.154002
ENJ/USDT,703,2.14328,,2021-03-25 06:30:00+08:00,Crypto,OrderType.MARKET,USD,1193.5,41.14710600000021,-428.350368,2021-03-25 09:45:00+08:00,2.177756
ENJ/USDT,703,2.14328,,2021-03-25 06:30:00+08:00,Crypto,OrderType.MARKET,USD,5.820766091346741e-11,3.813765943050399e-12,-428.350368,2021-03-25 10:45:00+08:00,2.2088
ENJ/USDT,709,2.18966,,2021-03-25 10:20:00+08:00,Crypto,OrderType.MARKET,USD,196027.39999999994,3751.9644360000293,-429.661435,2021-03-25 10:45:00+08:00,2.2088
ENJ/USDT,709,2.18966,,2021-03-25 10:20:00+08:00,Crypto,OrderType.MARKET,USD,195.5,3.665625000000052,-429.661435,2021-03-25 11:05:00+08:00,2.20841
ENJ/USDT,709,2.18966,,2021-03-25 10:20:00+08:00,Crypto,OrderType.MARKET,USD,5.820766091346741e-11,-6.261689122766242e-12,-429.661435,2021-03-25 12:15:00+08:00,2.082085
ENJ/USDT,714,2.17207,,2021-03-25 11:25:00+08:00,Crypto,OrderType.MARKET,USD,199142.29999999993,-17919.81986549999,-432.551016,2021-03-25 12:15:00+08:00,2.082085
ENJ/USDT,714,2.17207,,2021-03-25 11:25:00+08:00,Crypto,OrderType.MARKET,USD,5.820766091346741e-11,-4.392757546156655e-12,-432.551016,2021-03-25 12:45:00+08:00,2.096603
ENJ/USDT,717,2.0408,,2021-03-25 12:25:00+08:00,Crypto,OrderType.MARKET,USD,197170.99999999994,11002.733313000006,-413.802812,2021-03-25 12:45:00+08:00,2.096603
ENJ/USDT,717,2.0408,,2021-03-25 12:25:00+08:00,Crypto,OrderType.MARKET,USD,5594.0,264.8199600000009,-413.802812,2021-03-25 12:50:00+08:00,2.08814
ENJ/USDT,717,2.0408,,2021-03-25 12:25:00+08:00,Crypto,OrderType.MARKET,USD,5.820766091346741e-11,1.4121178537607163e-12,-413.802812,2021-03-25 13:20:00+08:00,2.06506
ENJ/USDT,721,2.0689,,2021-03-25 12:55:00+08:00,Crypto,OrderType.MARKET,USD,205046.69999999995,-787.3793280000588,-424.221118,2021-03-25 13:20:00+08:00,2.06506
ENJ/USDT,721,2.0689,,2021-03-25 12:55:00+08:00,Crypto,OrderType.MARKET,USD,5.820766091346741e-11,1.5931436792015968e-12,-424.221118,2021-03-25 15:35:00+08:00,2.09627
ENJ/USDT,723,2.08958,,2021-03-25 14:35:00+08:00,Crypto,OrderType.MARKET,USD,202235.69999999995,1352.956832999972,-422.587674,2021-03-25 15:35:00+08:00,2.09627
ENJ/USDT,723,2.08958,,2021-03-25 14:35:00+08:00,Crypto,OrderType.MARKET,USD,5.820766091346741e-11,4.5262277126310993e-13,-422.587674,2021-03-25 17:35:00+08:00,2.097356
ENJ/USDT,727,2.04544,,2021-03-25 16:05:00+08:00,Crypto,OrderType.MARKET,USD,201525.59999999995,10462.403049599967,-423.093741,2021-03-25 17:35:00+08:00,2.097356
ENJ/USDT,727,2.04544,,2021-03-25 16:05:00+08:00,Crypto,OrderType.MARKET,USD,5321.7,644.351435999998,-423.093741,2021-03-25 19:10:00+08:00,2.16652
ENJ/USDT,727,2.04544,,2021-03-25 16:05:00+08:00,Crypto,OrderType.MARKET,USD,4.092726157978177e-11,4.613648343365628e-12,-423.093741,2021-03-25 20:50:00+08:00,2.158168
ENJ/USDT,733,2.17906,,2021-03-25 20:15:00+08:00,Crypto,OrderType.MARKET,USD,198862.29999999996,-4154.63117160007,-433.332883,2021-03-25 20:50:00+08:00,2.158168
ENJ/USDT,733,2.17906,,2021-03-25 20:15:00+08:00,Crypto,OrderType.MARKET,USD,2.9103830456733704e-11,-7.558264769613757e-13,-433.332883,2021-03-25 22:40:00+08:00,2.15309
ENJ/USDT,737,2.16056,,2021-03-25 22:00:00+08:00,Crypto,OrderType.MARKET,USD,198245.19999999998,-1480.891643999929,-428.320649,2021-03-25 22:40:00+08:00,2.15309
ENJ/USDT,737,2.16056,,2021-03-25 22:00:00+08:00,Crypto,OrderType.MARKET,USD,2.9103830456733704e-11,-9.53732524067156e-13,-428.320649,2021-03-25 23:10:00+08:00,2.12779
ENJ/USDT,740,2.1057,,2021-03-25 22:50:00+08:00,Crypto,OrderType.MARKET,USD,200363.99999999997,4426.040759999988,-425.987111,2021-03-25 23:10:00+08:00,2.12779
ENJ/USDT,740,2.1057,,2021-03-25 22:50:00+08:00,Crypto,OrderType.MARKET,USD,1937.9,130.47880699999936,-425.987111,2021-03-26 00:40:00+08:00,2.17303
ENJ/USDT,740,2.1057,,2021-03-25 22:50:00+08:00,Crypto,OrderType.MARKET,USD,2.319211489520967e-11,1.516300471848803e-12,-425.987111,2021-03-26 01:00:00+08:00,2.17108
ENJ/USDT,748,2.16975,,2021-03-26 00:45:00+08:00,Crypto,OrderType.MARKET,USD,197714.49999999997,262.96028499996663,-429.683404,2021-03-26 01:00:00+08:00,2.17108
ENJ/USDT,748,2.16975,,2021-03-26 00:45:00+08:00,Crypto,OrderType.MARKET,USD,319.1,37.57211040000003,-429.683404,2021-03-26 01:50:00+08:00,2.287494
ENJ/USDT,748,2.16975,,2021-03-26 00:45:00+08:00,Crypto,OrderType.MARKET,USD,3.490185918053612e-11,1.0696372783058937e-12,-429.683404,2021-03-26 02:45:00+08:00,2.200397
ENJ/USDT,753,2.2154,,2021-03-26 02:15:00+08:00,Crypto,OrderType.MARKET,USD,193700.79999999996,-2906.093102399933,-429.124752,2021-03-26 02:45:00+08:00,2.200397
ENJ/USDT,753,2.2154,,2021-03-26 02:15:00+08:00,Crypto,OrderType.MARKET,USD,2.9103830456733704e-11,6.612390279769919e-13,-429.124752,2021-03-26 03:15:00+08:00,2.23812
ENJ/USDT,755,2.20713,,2021-03-26 03:00:00+08:00,Crypto,OrderType.MARKET,USD,190267.09999999998,5896.377429000013,-425.367143,2021-03-26 03:15:00+08:00,2.23812
ENJ/USDT,755,2.20713,,2021-03-26 03:00:00+08:00,Crypto,OrderType.MARKET,USD,2457.0,100.83528000000047,-425.367143,2021-03-26 04:00:00+08:00,2.24817
ENJ/USDT,755,2.20713,,2021-03-26 03:00:00+08:00,Crypto,OrderType.MARKET,USD,2.9103830456733704e-11,1.7474812921136702e-12,-425.367143,2021-03-26 04:40:00+08:00,2.267173
ENJ/USDT,759,2.20951,,2021-03-26 04:15:00+08:00,Crypto,OrderType.MARKET,USD,189695.39999999997,10938.405850200044,-430.502475,2021-03-26 04:40:00+08:00,2.267173
ENJ/USDT,759,2.20951,,2021-03-26 04:15:00+08:00,Crypto,OrderType.MARKET,USD,5145.3,313.3487700000009,-430.502475,2021-03-26 06:00:00+08:00,2.27041
ENJ/USDT,759,2.20951,,2021-03-26 04:15:00+08:00,Crypto,OrderType.MARKET,USD,4.638422979041934e-11,3.514533091220089e-12,-430.502475,2021-03-26 06:25:00+08:00,2.28528
ENJ/USDT,764,2.28328,,2021-03-26 06:20:00+08:00,Crypto,OrderType.MARKET,USD,192880.69999999995,385.76140000004307,-440.871457,2021-03-26 06:25:00+08:00,2.28528
ENJ/USDT,764,2.28328,,2021-03-26 06:20:00+08:00,Crypto,OrderType.MARKET,USD,206.2,4.334324000000008,-440.871457,2021-03-26 06:40:00+08:00,2.3043
ENJ/USDT,764,2.28328,,2021-03-26 06:20:00+08:00,Crypto,OrderType.MARKET,USD,4.0756731323199347e-11,-7.772308663334173e-13,-440.871457,2021-03-26 12:15:00+08:00,2.26421
ENJ/USDT,767,2.29961,,2021-03-26 07:35:00+08:00,Crypto,OrderType.MARKET,USD,191501.99999999997,-6779.170800000018,-440.379914,2021-03-26 12:15:00+08:00,2.26421
ENJ/USDT,767,2.29961,,2021-03-26 07:35:00+08:00,Crypto,OrderType.MARKET,USD,2.9103830456733704e-11,-2.064916770905252e-12,-440.379914,2021-03-26 16:00:00+08:00,2.22866
ENJ/USDT,779,2.2655,,2021-03-26 12:35:00+08:00,Crypto,OrderType.MARKET,USD,191010.59999999998,-7036.830503999954,-432.734514,2021-03-26 16:00:00+08:00,2.22866
ENJ/USDT,779,2.2655,,2021-03-26 12:35:00+08:00,Crypto,OrderType.MARKET,USD,2.9103830456733704e-11,7.169437594711858e-13,-432.734514,2021-03-26 17:25:00+08:00,2.290134
ENJ/USDT,784,2.28439,,2021-03-26 16:30:00+08:00,Crypto,OrderType.MARKET,USD,185326.59999999998,1064.5159903999945,-424.847197,2021-03-26 17:25:00+08:00,2.290134
ENJ/USDT,784,2.28439,,2021-03-26 16:30:00+08:00,Crypto,OrderType.MARKET,USD,651.8,-4.386614000000081,-424.847197,2021-03-26 20:25:00+08:00,2.27766
ENJ/USDT,784,2.28439,,2021-03-26 16:30:00+08:00,Crypto,OrderType.MARKET,USD,1.750777300912887e-11,4.624853318091442e-13,-424.847197,2021-03-27 00:30:00+08:00,2.310806
ENJ/USDT,799,2.26511,,2021-03-26 20:55:00+08:00,Crypto,OrderType.MARKET,USD,183758.99999999997,8397.05126399999,-425.056272,2021-03-27 00:30:00+08:00,2.310806
ENJ/USDT,799,2.26511,,2021-03-26 20:55:00+08:00,Crypto,OrderType.MARKET,USD,3894.7,267.449049,-425.056272,2021-03-27 01:15:00+08:00,2.33378
ENJ/USDT,799,2.26511,,2021-03-26 20:55:00+08:00,Crypto,OrderType.MARKET,USD,4.092726157978177e-11,1.7165302779176275e-12,-425.056272,2021-03-27 07:45:00+08:00,2.307051
ENJ/USDT,810,2.29834,,2021-03-27 01:40:00+08:00,Crypto,OrderType.MARKET,USD,187434.79999999996,1632.7445427999835,-432.854187,2021-03-27 07:45:00+08:00,2.307051
ENJ/USDT,810,2.29834,,2021-03-27 01:40:00+08:00,Crypto,OrderType.MARKET,USD,898.6,14.594162599999956,-432.854187,2021-03-27 08:05:00+08:00,2.314581
ENJ/USDT,810,2.29834,,2021-03-27 01:40:00+08:00,Crypto,OrderType.MARKET,USD,3.490185918053612e-11,-4.076537152286046e-14,-432.854187,2021-03-27 10:25:00+08:00,2.297172
ENJ/USDT,821,2.30573,,2021-03-27 08:15:00+08:00,Crypto,OrderType.MARKET,USD,188067.69999999998,-1609.4833765999704,-433.633338,2021-03-27 10:25:00+08:00,2.297172
ENJ/USDT,821,2.30573,,2021-03-27 08:15:00+08:00,Crypto,OrderType.MARKET,USD,2.9103830456733704e-11,-1.948792487382886e-12,-433.633338,2021-03-27 12:10:00+08:00,2.23877
ENJ/USDT,828,2.25261,,2021-03-27 11:10:00+08:00,Crypto,OrderType.MARKET,USD,191404.99999999997,-2649.0451999999286,-431.160817,2021-03-27 12:10:00+08:00,2.23877
ENJ/USDT,828,2.25261,,2021-03-27 11:10:00+08:00,Crypto,OrderType.MARKET,USD,2.9103830456733704e-11,-6.903428584337224e-13,-431.160817,2021-03-27 13:40:00+08:00,2.22889
ENJ/USDT,831,2.22004,,2021-03-27 12:15:00+08:00,Crypto,OrderType.MARKET,USD,192092.89999999997,1700.0221649999617,-427.655629,2021-03-27 13:40:00+08:00,2.22889
ENJ/USDT,831,2.22004,,2021-03-27 12:15:00+08:00,Crypto,OrderType.MARKET,USD,541.3,34.95823660000007,-427.655629,2021-03-27 15:35:00+08:00,2.284622
ENJ/USDT,831,2.22004,,2021-03-27 12:15:00+08:00,Crypto,OrderType.MARKET,USD,4.661160346586257e-11,3.5075231608061605e-12,-427.655629,2021-03-27 16:05:00+08:00,2.29529
ENJ/USDT,840,2.27615,,2021-03-27 15:50:00+08:00,Crypto,OrderType.MARKET,USD,187165.59999999995,3582.3495840000282,-428.532581,2021-03-27 16:05:00+08:00,2.29529
ENJ/USDT,840,2.27615,,2021-03-27 15:50:00+08:00,Crypto,OrderType.MARKET,USD,1105.2,26.25955200000025,-428.532581,2021-03-27 19:15:00+08:00,2.29991
ENJ/USDT,840,2.27615,,2021-03-27 15:50:00+08:00,Crypto,OrderType.MARKET,USD,4.069988790433854e-11,1.1741917660401776e-12,-428.532581,2021-03-27 22:25:00+08:00,2.305
ENJ/USDT,852,2.28421,,2021-03-27 19:45:00+08:00,Crypto,OrderType.MARKET,USD,187040.29999999996,3888.567837000057,-431.277807,2021-03-27 22:25:00+08:00,2.305
ENJ/USDT,852,2.28421,,2021-03-27 19:45:00+08:00,Crypto,OrderType.MARKET,USD,1768.0,114.03069600000043,-431.277807,2021-03-28 02:05:00+08:00,2.348707
ENJ/USDT,852,2.28421,,2021-03-27 19:45:00+08:00,Crypto,OrderType.MARKET,USD,2.9103830456733704e-11,3.386347088962802e-12,-431.277807,2021-03-28 03:45:00+08:00,2.400564
ENJ/USDT,858,2.35541,,2021-03-28 02:55:00+08:00,Crypto,OrderType.MARKET,USD,180781.09999999998,8162.989789400024,-434.410622,2021-03-28 03:45:00+08:00,2.400564
ENJ/USDT,858,2.35541,,2021-03-28 02:55:00+08:00,Crypto,OrderType.MARKET,USD,3649.9,283.15924200000075,-434.410622,2021-03-28 04:30:00+08:00,2.43299
ENJ/USDT,858,2.35541,,2021-03-28 02:55:00+08:00,Crypto,OrderType.MARKET,USD,2.319211489520967e-11,2.564584065112288e-12,-434.410622,2021-03-28 05:00:00+08:00,2.46599
ENJ/USDT,865,2.44304,,2021-03-28 04:50:00+08:00,Crypto,OrderType.MARKET,USD,179930.29999999996,4129.400385000044,-441.972077,2021-03-28 05:00:00+08:00,2.46599
ENJ/USDT,865,2.44304,,2021-03-28 04:50:00+08:00,Crypto,OrderType.MARKET,USD,980.4,21.35311200000013,-441.972077,2021-03-28 05:10:00+08:00,2.46482
ENJ/USDT,865,2.44304,,2021-03-28 04:50:00+08:00,Crypto,OrderType.MARKET,USD,5.240963218966499e-11,-3.670036903713476e-12,-441.972077,2021-03-28 11:25:00+08:00,2.373014
ENJ/USDT,869,2.38205,,2021-03-28 07:40:00+08:00,Crypto,OrderType.MARKET,USD,186910.99999999994,-1688.9277960000077,-445.231348,2021-03-28 11:25:00+08:00,2.373014
ENJ/USDT,869,2.38205,,2021-03-28 07:40:00+08:00,Crypto,OrderType.MARKET,USD,5.820766091346741e-11,1.2191012501716657e-12,-445.231348,2021-03-28 14:55:00+08:00,2.402994
ENJ/USDT,872,2.335,,2021-03-28 13:20:00+08:00,Crypto,OrderType.MARKET,USD,184026.19999999995,12512.677442800017,-442.656224,2021-03-28 14:55:00+08:00,2.402994
ENJ/USDT,872,2.335,,2021-03-28 13:20:00+08:00,Crypto,OrderType.MARKET,USD,5548.2,886.0419918000014,-442.656224,2021-03-28 15:55:00+08:00,2.494699
ENJ/USDT,872,2.335,,2021-03-28 13:20:00+08:00,Crypto,OrderType.MARKET,USD,4.092726157978177e-11,9.895393304759632e-12,-442.656224,2021-03-28 16:30:00+08:00,2.57678
ENJ/USDT,881,2.51521,,2021-03-28 16:15:00+08:00,Crypto,OrderType.MARKET,USD,176905.29999999996,10892.05932099994,-455.14385,2021-03-28 16:30:00+08:00,2.57678
ENJ/USDT,881,2.51521,,2021-03-28 16:15:00+08:00,Crypto,OrderType.MARKET,USD,4051.3,188.2477057999987,-455.14385,2021-03-28 16:35:00+08:00,2.561676
ENJ/USDT,881,2.51521,,2021-03-28 16:15:00+08:00,Crypto,OrderType.MARKET,USD,4.638422979041934e-11,1.525206243968562e-12,-455.14385,2021-03-28 17:25:00+08:00,2.548092
ENJ/USDT,884,2.55025,,2021-03-28 17:10:00+08:00,Crypto,OrderType.MARKET,USD,182421.89999999994,-393.6664602000189,-465.292602,2021-03-28 17:25:00+08:00,2.548092
ENJ/USDT,884,2.55025,,2021-03-28 17:10:00+08:00,Crypto,OrderType.MARKET,USD,27.9,0.3016826999999927,-465.292602,2021-03-28 17:30:00+08:00,2.561063
ENJ/USDT,884,2.55025,,2021-03-28 17:10:00+08:00,Crypto,OrderType.MARKET,USD,5.2388315907592187e-11,-7.093377973888155e-13,-465.292602,2021-03-28 18:20:00+08:00,2.53671
ENJ/USDT,887,2.5417,,2021-03-28 17:50:00+08:00,Crypto,OrderType.MARKET,USD,182543.29999999993,-910.8910670000492,-463.970306,2021-03-28 18:20:00+08:00,2.53671
ENJ/USDT,887,2.5417,,2021-03-28 17:50:00+08:00,Crypto,OrderType.MARKET,USD,5.820766091346741e-11,-6.018672138452668e-13,-463.970306,2021-03-28 19:00:00+08:00,2.53136
ENJ/USDT,889,2.5168,,2021-03-28 18:30:00+08:00,Crypto,OrderType.MARKET,USD,183524.39999999994,2672.115263999982,-462.134313,2021-03-28 19:00:00+08:00,2.53136
ENJ/USDT,889,2.5168,,2021-03-28 18:30:00+08:00,Crypto,OrderType.MARKET,USD,95.4,-1.0713419999999858,-462.134313,2021-03-28 19:05:00+08:00,2.50557
ENJ/USDT,889,2.5168,,2021-03-28 18:30:00+08:00,Crypto,OrderType.MARKET,USD,5.2381210480234586e-11,-1.5567695754725586e-12,-462.134313,2021-03-28 20:50:00+08:00,2.48708
ENJ/USDT,894,2.45362,,2021-03-28 19:20:00+08:00,Crypto,OrderType.MARKET,USD,186567.69999999995,6242.555242000049,-463.87649,2021-03-28 20:50:00+08:00,2.48708
ENJ/USDT,894,2.45362,,2021-03-28 19:20:00+08:00,Crypto,OrderType.MARKET,USD,2490.3,81.10907100000053,-463.87649,2021-03-28 23:30:00+08:00,2.48619
ENJ/USDT,894,2.45362,,2021-03-28 19:20:00+08:00,Crypto,OrderType.MARKET,USD,4.638422979041934e-11,3.1329764169640965e-12,-463.87649,2021-03-29 00:55:00+08:00,2.521164
ENJ/USDT,908,2.46811,,2021-03-28 23:35:00+08:00,Crypto,OrderType.MARKET,USD,185942.59999999995,9864.998700400067,-469.260767,2021-03-29 00:55:00+08:00,2.521164
ENJ/USDT,908,2.46811,,2021-03-28 23:35:00+08:00,Crypto,OrderType.MARKET,USD,4187.0,301.5058700000005,-469.260767,2021-03-29 01:20:00+08:00,2.54012
ENJ/USDT,908,2.46811,,2021-03-28 23:35:00+08:00,Crypto,OrderType.MARKET,USD,5.820766091346741e-11,4.462723154574651e-12,-469.260767,2021-03-29 01:40:00+08:00,2.544779
ENJ/USDT,914,2.52774,,2021-03-29 01:25:00+08:00,Crypto,OrderType.MARKET,USD,187832.09999999995,3200.471151900004,-478.469332,2021-03-29 01:40:00+08:00,2.544779
ENJ/USDT,914,2.52774,,2021-03-29 01:25:00+08:00,Crypto,OrderType.MARKET,USD,1455.3,10.390841999999566,-478.469332,2021-03-29 01:45:00+08:00,2.53488
ENJ/USDT,914,2.52774,,2021-03-29 01:25:00+08:00,Crypto,OrderType.MARKET,USD,4.661160346586257e-11,-3.126100409645015e-12,-478.469332,2021-03-29 04:15:00+08:00,2.460673
ENJ/USDT,917,2.47728,,2021-03-29 02:15:00+08:00,Crypto,OrderType.MARKET,USD,194050.69999999995,-3222.5999749000066,-480.717918,2021-03-29 04:15:00+08:00,2.460673
ENJ/USDT,917,2.47728,,2021-03-29 02:15:00+08:00,Crypto,OrderType.MARKET,USD,5.820766091346741e-11,1.7812708392739306e-12,-480.717918,2021-03-29 09:30:00+08:00,2.507882
ENJ/USDT,923,2.476,,2021-03-29 09:00:00+08:00,Crypto,OrderType.MARKET,USD,189827.59999999995,6052.083543199992,-476.541359,2021-03-29 09:30:00+08:00,2.507882
ENJ/USDT,923,2.476,,2021-03-29 09:00:00+08:00,Crypto,OrderType.MARKET,USD,2636.6,63.17293600000053,-476.541359,2021-03-29 09:35:00+08:00,2.49996
ENJ/USDT,923,2.476,,2021-03-29 09:00:00+08:00,Crypto,OrderType.MARKET,USD,6.411937647499144e-11,2.237766238977197e-12,-476.541359,2021-03-29 10:15:00+08:00,2.5109
ENJ/USDT,926,2.497,,2021-03-29 09:40:00+08:00,Crypto,OrderType.MARKET,USD,191974.79999999993,2668.4497200000037,-481.692275,2021-03-29 10:15:00+08:00,2.5109
ENJ/USDT,926,2.497,,2021-03-29 09:40:00+08:00,Crypto,OrderType.MARKET,USD,933.6,0.888787200000267,-481.692275,2021-03-29 10:30:00+08:00,2.497952
ENJ/USDT,926,2.497,,2021-03-29 09:40:00+08:00,Crypto,OrderType.MARKET,USD,6.400568963726982e-11,4.979002596883349e-13,-481.692275,2021-03-29 21:15:00+08:00,2.504779
ENJ/USDT,932,2.47734,,2021-03-29 12:40:00+08:00,Crypto,OrderType.MARKET,USD,192795.69999999995,5290.12121230004,-483.393693,2021-03-29 21:15:00+08:00,2.504779
ENJ/USDT,932,2.47734,,2021-03-29 12:40:00+08:00,Crypto,OrderType.MARKET,USD,2330.4,56.34907200000073,-483.393693,2021-03-29 21:25:00+08:00,2.50152
ENJ/USDT,932,2.47734,,2021-03-29 12:40:00+08:00,Crypto,OrderType.MARKET,USD,5.2295945351943374e-11,1.212742972711546e-13,-483.393693,2021-03-29 23:50:00+08:00,2.479659
ENJ/USDT,947,2.45057,,2021-03-29 22:00:00+08:00,Crypto,OrderType.MARKET,USD,196509.39999999994,5716.261936599983,-487.763658,2021-03-29 23:50:00+08:00,2.479659
ENJ/USDT,947,2.45057,,2021-03-29 22:00:00+08:00,Crypto,OrderType.MARKET,USD,2531.5,16.986364999999985,-487.763658,2021-03-30 20:45:00+08:00,2.45728
ENJ/USDT,947,2.45057,,2021-03-29 22:00:00+08:00,Crypto,OrderType.MARKET,USD,5.820766091346741e-11,5.032517947256561e-12,-487.763658,2021-03-31 01:05:00+08:00,2.537028
ENJ/USDT,968,2.44077,,2021-03-30 21:55:00+08:00,Crypto,OrderType.MARKET,USD,193935.19999999995,18667.814481599944,-492.511019,2021-03-31 01:05:00+08:00,2.537028
ENJ/USDT,968,2.44077,,2021-03-30 21:55:00+08:00,Crypto,OrderType.MARKET,USD,7849.9,1057.6248768999994,-492.511019,2021-03-31 01:20:00+08:00,2.575501
ENJ/USDT,968,2.44077,,2021-03-30 21:55:00+08:00,Crypto,OrderType.MARKET,USD,5.275069270282984e-11,3.1043782655615396e-12,-492.511019,2021-03-31 03:55:00+08:00,2.49962
ENJ/USDT,971,2.57132,,2021-03-31 01:30:00+08:00,Crypto,OrderType.MARKET,USD,198813.39999999994,-14254.920779999971,-511.212872,2021-03-31 03:55:00+08:00,2.49962
ENJ/USDT,971,2.57132,,2021-03-31 01:30:00+08:00,Crypto,OrderType.MARKET,USD,5.820766091346741e-11,-6.51052687317133e-12,-511.212872,2021-03-31 05:20:00+08:00,2.45947
ENJ/USDT,981,2.44856,,2021-03-31 04:35:00+08:00,Crypto,OrderType.MARKET,USD,201699.29999999993,2200.5393629999944,-495.965133,2021-03-31 05:20:00+08:00,2.45947
ENJ/USDT,981,2.44856,,2021-03-31 04:35:00+08:00,Crypto,OrderType.MARKET,USD,854.5,32.2189224999999,-495.965133,2021-03-31 07:55:00+08:00,2.486265
ENJ/USDT,981,2.44856,,2021-03-31 04:35:00+08:00,Crypto,OrderType.MARKET,USD,5.820766091346741e-11,-4.2950850911438526e-12,-495.965133,2021-03-31 09:10:00+08:00,2.374771
ENJ/USDT,988,2.47758,,2021-03-31 08:00:00+08:00,Crypto,OrderType.MARKET,USD,200680.69999999995,-20631.782086300027,-497.202489,2021-03-31 09:10:00+08:00,2.374771
ENJ/USDT,988,2.47758,,2021-03-31 08:00:00+08:00,Crypto,OrderType.MARKET,USD,5.820766091346741e-11,-5.476409569382671e-12,-497.202489,2021-03-31 09:40:00+08:00,2.383496
ENJ/USDT,990,2.36827,,2021-03-31 09:20:00+08:00,Crypto,OrderType.MARKET,USD,199347.19999999995,3035.260467200036,-475.61848,2021-03-31 09:40:00+08:00,2.383496
ENJ/USDT,990,2.36827,,2021-03-31 09:20:00+08:00,Crypto,OrderType.MARKET,USD,1482.3,39.62187900000021,-475.61848,2021-03-31 11:15:00+08:00,2.395
ENJ/USDT,990,2.36827,,2021-03-31 09:20:00+08:00,Crypto,OrderType.MARKET,USD,4.661160346586257e-11,2.2909603103471467e-13,-475.61848,2021-03-31 11:45:00+08:00,2.373185
ENJ/USDT,999,2.35117,,2021-03-31 11:20:00+08:00,Crypto,OrderType.MARKET,USD,201105.09999999995,4427.328776499933,-477.737054,2021-03-31 11:45:00+08:00,2.373185
ENJ/USDT,999,2.35117,,2021-03-31 11:20:00+08:00,Crypto,OrderType.MARKET,USD,2086.1,41.59057569999927,-477.737054,2021-03-31 11:50:00+08:00,2.371107
ENJ/USDT,999,2.35117,,2021-03-31 11:20:00+08:00,Crypto,OrderType.MARKET,USD,6.411937647499144e-11,7.912266937637443e-12,-477.737054,2021-03-31 14:40:00+08:00,2.474569
ENJ/USDT,1004,2.40387,,2021-03-31 13:15:00+08:00,Crypto,OrderType.MARKET,USD,194280.99999999994,13735.472418999965,-481.242514,2021-03-31 14:40:00+08:00,2.474569
ENJ/USDT,1004,2.40387,,2021-03-31 13:15:00+08:00,Crypto,OrderType.MARKET,USD,5913.9,362.10809700000067,-481.242514,2021-03-31 14:45:00+08:00,2.4651
ENJ/USDT,1004,2.40387,,2021-03-31 13:15:00+08:00,Crypto,OrderType.MARKET,USD,5.275069270282984e-11,3.77336255041882e-12,-481.242514,2021-03-31 15:10:00+08:00,2.475402
ENJ/USDT,1010,2.45608,,2021-03-31 14:55:00+08:00,Crypto,OrderType.MARKET,USD,199505.49999999994,3854.845270999967,-494.350204,2021-03-31 15:10:00+08:00,2.475402
ENJ/USDT,1010,2.45608,,2021-03-31 14:55:00+08:00,Crypto,OrderType.MARKET,USD,1770.6,153.1214879999998,-494.350204,2021-03-31 15:25:00+08:00,2.54256
ENJ/USDT,1010,2.45608,,2021-03-31 14:55:00+08:00,Crypto,OrderType.MARKET,USD,6.411937647499144e-11,4.247267497703438e-12,-494.350204,2021-03-31 15:40:00+08:00,2.52232
ENJ/USDT,1013,2.53716,,2021-03-31 15:30:00+08:00,Crypto,OrderType.MARKET,USD,196031.19999999995,-2909.1030079999923,-497.362519,2021-03-31 15:40:00+08:00,2.52232
ENJ/USDT,1013,2.53716,,2021-03-31 15:30:00+08:00,Crypto,OrderType.MARKET,USD,5.820766091346741e-11,1.4074612408876342e-12,-497.362519,2021-03-31 16:20:00+08:00,2.56134
ENJ/USDT,1015,2.54986,,2021-03-31 16:00:00+08:00,Crypto,OrderType.MARKET,USD,192926.79999999993,2214.799664000029,-493.465481,2021-03-31 16:20:00+08:00,2.56134
ENJ/USDT,1015,2.54986,,2021-03-31 16:00:00+08:00,Crypto,OrderType.MARKET,USD,599.7,7.058469000000168,-493.465481,2021-03-31 16:30:00+08:00,2.56163
ENJ/USDT,1015,2.54986,,2021-03-31 16:00:00+08:00,Crypto,OrderType.MARKET,USD,6.980371836107224e-11,9.528207556286474e-13,-493.465481,2021-03-31 16:55:00+08:00,2.56351
ENJ/USDT,1019,2.582,,2021-03-31 16:40:00+08:00,Crypto,OrderType.MARKET,USD,191594.49999999994,-3542.582304999979,-494.696999,2021-03-31 16:55:00+08:00,2.56351
ENJ/USDT,1019,2.582,,2021-03-31 16:40:00+08:00,Crypto,OrderType.MARKET,USD,5.820766091346741e-11,-3.5475241020321814e-12,-494.696999,2021-03-31 17:40:00+08:00,2.521054
ENJ/USDT,1022,2.51911,,2021-03-31 17:20:00+08:00,Crypto,OrderType.MARKET,USD,194237.49999999994,377.59769999998935,-490.172958,2021-03-31 17:40:00+08:00,2.521054
ENJ/USDT,1022,2.51911,,2021-03-31 17:20:00+08:00,Crypto,OrderType.MARKET,USD,344.3,-2.0003829999999554,-490.172958,2021-03-31 17:50:00+08:00,2.5133
ENJ/USDT,1022,2.51911,,2021-03-31 17:20:00+08:00,Crypto,OrderType.MARKET,USD,4.6554760047001764e-11,2.877223835184842e-12,-490.172958,2021-03-31 18:10:00+08:00,2.580913
ENJ/USDT,1026,2.51609,,2021-03-31 18:00:00+08:00,Crypto,OrderType.MARKET,USD,189498.59999999995,12283.867747799926,-489.568463,2021-03-31 18:10:00+08:00,2.580913
ENJ/USDT,1026,2.51609,,2021-03-31 18:00:00+08:00,Crypto,OrderType.MARKET,USD,5076.5,388.6009984999999,-489.568463,2021-03-31 19:10:00+08:00,2.592639
ENJ/USDT,1026,2.51609,,2021-03-31 18:00:00+08:00,Crypto,OrderType.MARKET,USD,5.820766091346741e-11,5.3545809350907635e-12,-489.568463,2021-03-31 19:30:00+08:00,2.608081
ENJ/USDT,1031,2.60831,,2021-03-31 19:15:00+08:00,Crypto,OrderType.MARKET,USD,191994.29999999993,-43.966694700006656,-501.237629,2021-03-31 19:30:00+08:00,2.608081
ENJ/USDT,1031,2.60831,,2021-03-31 19:15:00+08:00,Crypto,OrderType.MARKET,USD,175.2,-0.21952559999995208,-501.237629,2021-03-31 19:35:00+08:00,2.607057
ENJ/USDT,1031,2.60831,,2021-03-31 19:15:00+08:00,Crypto,OrderType.MARKET,USD,6.986056177993305e-11,8.08845584288071e-13,-501.237629,2021-03-31 20:25:00+08:00,2.619888
ENJ/USDT,1034,2.57679,,2021-03-31 20:05:00+08:00,Crypto,OrderType.MARKET,USD,190730.39999999994,8220.098779200012,-500.192045,2021-03-31 20:25:00+08:00,2.619888
ENJ/USDT,1034,2.57679,,2021-03-31 20:05:00+08:00,Crypto,OrderType.MARKET,USD,3384.0,75.41244000000037,-500.192045,2021-03-31 21:05:00+08:00,2.599075
ENJ/USDT,1034,2.57679,,2021-03-31 20:05:00+08:00,Crypto,OrderType.MARKET,USD,5.820766091346741e-11,8.445931598544134e-13,-500.192045,2021-03-31 21:35:00+08:00,2.5913
ENJ/USDT,1041,2.59678,,2021-03-31 21:25:00+08:00,Crypto,OrderType.MARKET,USD,195423.39999999994,-1070.9202319999858,-507.471577,2021-03-31 21:35:00+08:00,2.5913
ENJ/USDT,1041,2.59678,,2021-03-31 21:25:00+08:00,Crypto,OrderType.MARKET,USD,5.820766091346741e-11,-3.655441105365738e-12,-507.471577,2021-03-31 23:55:00+08:00,2.53398
ENJ/USDT,1043,2.57332,,2021-03-31 23:00:00+08:00,Crypto,OrderType.MARKET,USD,196395.59999999995,-7726.202903999941,-505.388725,2021-03-31 23:55:00+08:00,2.53398
ENJ/USDT,1043,2.57332,,2021-03-31 23:00:00+08:00,Crypto,OrderType.MARKET,USD,5.820766091346741e-11,-5.0000380724668295e-12,-505.388725,2021-04-01 03:45:00+08:00,2.48742
ENJ/USDT,1048,2.52343,,2021-04-01 01:10:00+08:00,Crypto,OrderType.MARKET,USD,196822.69999999995,-7087.58542699993,-496.668306,2021-04-01 03:45:00+08:00,2.48742
ENJ/USDT,1048,2.52343,,2021-04-01 01:10:00+08:00,Crypto,OrderType.MARKET,USD,5.820766091346741e-11,1.04395439848304e-12,-496.668306,2021-04-01 04:55:00+08:00,2.541365
ENJ/USDT,1053,2.49012,,2021-04-01 03:50:00+08:00,Crypto,OrderType.MARKET,USD,192067.79999999993,9842.514410999951,-488.602631,2021-04-01 04:55:00+08:00,2.541365
ENJ/USDT,1053,2.49012,,2021-04-01 03:50:00+08:00,Crypto,OrderType.MARKET,USD,4148.7,170.59454399999925,-488.602631,2021-04-01 05:00:00+08:00,2.53124
ENJ/USDT,1053,2.49012,,2021-04-01 03:50:00+08:00,Crypto,OrderType.MARKET,USD,7.003109203651547e-11,4.630035618902169e-12,-488.602631,2021-04-01 07:25:00+08:00,2.556234
ENJ/USDT,1058,2.51695,,2021-04-01 05:15:00+08:00,Crypto,OrderType.MARKET,USD,194474.39999999994,7639.732329599973,-497.619389,2021-04-01 07:25:00+08:00,2.556234
ENJ/USDT,1058,2.51695,,2021-04-01 05:15:00+08:00,Crypto,OrderType.MARKET,USD,3232.9,175.70811499999968,-497.619389,2021-04-01 07:35:00+08:00,2.5713
ENJ/USDT,1058,2.51695,,2021-04-01 05:15:00+08:00,Crypto,OrderType.MARKET,USD,5.2295945351943374e-11,1.887360667751646e-12,-497.619389,2021-04-01 08:00:00+08:00,2.55304
ENJ/USDT,1062,2.56325,,2021-04-01 07:45:00+08:00,Crypto,OrderType.MARKET,USD,196791.19999999995,-2009.238151999966,-504.425043,2021-04-01 08:00:00+08:00,2.55304
ENJ/USDT,1062,2.56325,,2021-04-01 07:45:00+08:00,Crypto,OrderType.MARKET,USD,5.820766091346741e-11,3.056484274566164e-12,-504.425043,2021-04-01 09:50:00+08:00,2.61576
ENJ/USDT,1064,2.56832,,2021-04-01 08:15:00+08:00,Crypto,OrderType.MARKET,USD,192728.79999999993,9143.054271999983,-501.411829,2021-04-01 09:50:00+08:00,2.61576
ENJ/USDT,1064,2.56832,,2021-04-01 08:15:00+08:00,Crypto,OrderType.MARKET,USD,2500.7,82.13049010000044,-501.411829,2021-04-01 09:55:00+08:00,2.601163
ENJ/USDT,1064,2.56832,,2021-04-01 08:15:00+08:00,Crypto,OrderType.MARKET,USD,7.003109203651547e-11,-4.915482350043004e-12,-501.411829,2021-04-01 12:15:00+08:00,2.49813
ENJ/USDT,1067,2.53148,,2021-04-01 11:40:00+08:00,Crypto,OrderType.MARKET,USD,201311.79999999993,-6713.748529999996,-509.616795,2021-04-01 12:15:00+08:00,2.49813
ENJ/USDT,1067,2.53148,,2021-04-01 11:40:00+08:00,Crypto,OrderType.MARKET,USD,5.820766091346741e-11,-1.1769589036704218e-13,-509.616795,2021-04-01 14:55:00+08:00,2.529458
ENJ/USDT,1069,2.47645,,2021-04-01 12:20:00+08:00,Crypto,OrderType.MARKET,USD,198223.09999999995,10507.41008480003,-501.898407,2021-04-01 14:55:00+08:00,2.529458
ENJ/USDT,1069,2.47645,,2021-04-01 12:20:00+08:00,Crypto,OrderType.MARKET,USD,4445.4,18.995194199999872,-501.898407,2021-04-01 21:25:00+08:00,2.480723
ENJ/USDT,1069,2.47645,,2021-04-01 12:20:00+08:00,Crypto,OrderType.MARKET,USD,5.275069270282984e-11,-1.5244950191117667e-12,-501.898407,2021-04-02 02:05:00+08:00,2.44755
ENJ/USDT,1087,2.4893,,2021-04-02 00:55:00+08:00,Crypto,OrderType.MARKET,USD,205439.59999999995,-8577.103299999988,-511.400796,2021-04-02 02:05:00+08:00,2.44755
ENJ/USDT,1087,2.4893,,2021-04-02 00:55:00+08:00,Crypto,OrderType.MARKET,USD,5.820766091346741e-11,-2.433604095131171e-12,-511.400796,2021-04-02 14:50:00+08:00,2.447491
ENJ/USDT,1090,2.42688,,2021-04-02 02:20:00+08:00,Crypto,OrderType.MARKET,USD,204829.19999999995,4221.734641199941,-501.819083,2021-04-02 14:50:00+08:00,2.447491
ENJ/USDT,1090,2.42688,,2021-04-02 02:20:00+08:00,Crypto,OrderType.MARKET,USD,1946.2,216.88452799999996,-501.819083,2021-04-02 19:00:00+08:00,2.53832
ENJ/USDT,1090,2.42688,,2021-04-02 02:20:00+08:00,Crypto,OrderType.MARKET,USD,4.069988790433854e-11,3.3040169000741947e-12,-501.819083,2021-04-02 20:00:00+08:00,2.50806
ENJ/USDT,1102,2.51774,,2021-04-02 19:10:00+08:00,Crypto,OrderType.MARKET,USD,200674.49999999997,-1942.5291599999819,-505.246216,2021-04-02 20:00:00+08:00,2.50806
ENJ/USDT,1102,2.51774,,2021-04-02 19:10:00+08:00,Crypto,OrderType.MARKET,USD,2.9103830456733704e-11,-1.0495714377611863e-12,-505.246216,2021-04-03 04:35:00+08:00,2.481677
ENJ/USDT,1104,2.50451,,2021-04-02 20:35:00+08:00,Crypto,OrderType.MARKET,USD,200557.39999999997,-4579.327114199976,-502.298014,2021-04-03 04:35:00+08:00,2.481677
ENJ/USDT,1104,2.50451,,2021-04-02 20:35:00+08:00,Crypto,OrderType.MARKET,USD,2.9103830456733704e-11,-1.2485543265937836e-13,-502.298014,2021-04-03 12:20:00+08:00,2.50022
ENJ/USDT,1113,2.50805,,2021-04-03 05:10:00+08:00,Crypto,OrderType.MARKET,USD,198051.99999999997,-1550.7471599999565,-496.724319,2021-04-03 12:20:00+08:00,2.50022
ENJ/USDT,1113,2.50805,,2021-04-03 05:10:00+08:00,Crypto,OrderType.MARKET,USD,2.9103830456733704e-11,0.0,-496.724319,,
ENJ/USDT,1122,2.50479,,2021-04-03 13:45:00+08:00,Crypto,OrderType.MARKET,USD,197295.7,0.0,-494.184296,,
