datetime,open,high,low,close,volume,lot_size
2020-11-28 00:00:00+08:00,0.5625,0.57687,0.5476,0.55781,174351921.2,0.1
2020-11-28 04:00:00+08:00,0.5579,0.55963,0.5387,0.55175,85176234.2,0.1
2020-11-28 08:00:00+08:00,0.55184,0.56475,0.5415,0.56316,105138847.0,0.1
2020-11-28 12:00:00+08:00,0.56317,0.63,0.55622,0.62958,346158445.9,0.1
2020-11-28 16:00:00+08:00,0.62958,0.64888,0.60812,0.63724,403186191.7,0.1
2020-11-28 20:00:00+08:00,0.63729,0.63948,0.6105,0.62579,162229678.5,0.1
2020-11-29 00:00:00+08:00,0.62573,0.63081,0.58285,0.61578,186600264.1,0.1
2020-11-29 04:00:00+08:00,0.61569,0.63069,0.60109,0.62604,106372702.1,0.1
2020-11-29 08:00:00+08:00,0.62603,0.637,0.615,0.62144,167999895.2,0.1
2020-11-29 12:00:00+08:00,0.62139,0.62737,0.60501,0.61818,123344257.8,0.1
2020-11-29 16:00:00+08:00,0.61816,0.6185,0.584,0.59301,163331828.3,0.1
2020-11-29 20:00:00+08:00,0.59301,0.61974,0.59123,0.60543,109979717.3,0.1
2020-11-30 00:00:00+08:00,0.60543,0.64687,0.60502,0.62927,195809409.3,0.1
2020-11-30 04:00:00+08:00,0.62941,0.63595,0.62102,0.62517,72982681.4,0.1
2020-11-30 08:00:00+08:00,0.625,0.6275,0.59881,0.6237,149918874.2,0.1
2020-11-30 12:00:00+08:00,0.62385,0.6791,0.61277,0.63791,371316637.0,0.1
2020-11-30 16:00:00+08:00,0.63786,0.66508,0.63205,0.64026,208077160.4,0.1
2020-11-30 20:00:00+08:00,0.64015,0.67608,0.63426,0.66417,180815120.0,0.1
2020-12-01 00:00:00+08:00,0.66378,0.66938,0.64786,0.65175,140461909.2,0.1
2020-12-01 04:00:00+08:00,0.6516,0.66562,0.64359,0.66196,106004816.2,0.1
2020-12-01 08:00:00+08:00,0.662,0.681,0.63204,0.65621,225040848.0,0.1
2020-12-01 12:00:00+08:00,0.65597,0.65686,0.56401,0.63753,371684161.1,0.1
2020-12-01 16:00:00+08:00,0.6374,0.6436,0.61,0.62595,146251211.2,0.1
2020-12-01 20:00:00+08:00,0.62601,0.63711,0.6054,0.61088,85606179.3,0.1
2020-12-02 00:00:00+08:00,0.6113,0.622,0.6,0.61169,95566514.4,0.1
2020-12-02 04:00:00+08:00,0.61172,0.62829,0.59455,0.62722,117139852.4,0.1
2020-12-02 08:00:00+08:00,0.62722,0.63028,0.61452,0.6246,99986399.3,0.1
2020-12-02 12:00:00+08:00,0.62466,0.62473,0.60723,0.61264,104085670.7,0.1
2020-12-02 16:00:00+08:00,0.61268,0.62,0.59959,0.61836,96827922.2,0.1
2020-12-02 20:00:00+08:00,0.6182,0.6368,0.6138,0.62972,80269727.8,0.1
2020-12-03 00:00:00+08:00,0.62969,0.63806,0.61625,0.62185,67697652.8,0.1
2020-12-03 04:00:00+08:00,0.62175,0.62641,0.6149,0.62306,51185272.5,0.1
2020-12-03 08:00:00+08:00,0.62306,0.63413,0.62,0.62943,85153668.5,0.1
2020-12-03 12:00:00+08:00,0.62943,0.63624,0.62222,0.634,70941411.7,0.1
2020-12-03 16:00:00+08:00,0.63419,0.6418,0.62561,0.63045,76211604.7,0.1
2020-12-03 20:00:00+08:00,0.63026,0.63188,0.625,0.63046,41466052.7,0.1
2020-12-04 00:00:00+08:00,0.63046,0.6342,0.60786,0.61101,76997599.0,0.1
2020-12-04 04:00:00+08:00,0.61101,0.6201,0.60696,0.61662,45289937.4,0.1
2020-12-04 08:00:00+08:00,0.61656,0.62716,0.58676,0.59056,115852960.1,0.1
2020-12-04 12:00:00+08:00,0.59031,0.60333,0.5831,0.5915,105983796.5,0.1
2020-12-04 16:00:00+08:00,0.59149,0.59149,0.55805,0.57674,161668697.3,0.1
2020-12-04 20:00:00+08:00,0.57674,0.57698,0.54253,0.55367,156348357.7,0.1
2020-12-05 00:00:00+08:00,0.55355,0.57363,0.54833,0.57159,98254434.0,0.1
2020-12-05 04:00:00+08:00,0.57161,0.5891,0.57023,0.57957,82089251.2,0.1
2020-12-05 08:00:00+08:00,0.5797,0.59628,0.57967,0.58726,81181092.5,0.1
2020-12-05 12:00:00+08:00,0.58722,0.59309,0.574,0.58338,74424640.2,0.1
2020-12-05 16:00:00+08:00,0.58337,0.58969,0.57828,0.58498,53504936.8,0.1
2020-12-05 20:00:00+08:00,0.5849,0.58561,0.57556,0.58517,43434419.4,0.1
2020-12-06 00:00:00+08:00,0.58516,0.62801,0.5849,0.60914,188978478.1,0.1
2020-12-06 04:00:00+08:00,0.60917,0.61635,0.60499,0.61371,60794928.0,0.1
2020-12-06 08:00:00+08:00,0.61378,0.61579,0.59052,0.60334,92634495.0,0.1
2020-12-06 12:00:00+08:00,0.60321,0.60356,0.57907,0.59519,97439818.2,0.1
2020-12-06 16:00:00+08:00,0.59526,0.614,0.59433,0.60683,95725516.3,0.1
2020-12-06 20:00:00+08:00,0.60684,0.626,0.606,0.62107,103449932.1,0.1
2020-12-07 00:00:00+08:00,0.62096,0.624,0.608,0.61563,64871608.5,0.1
2020-12-07 04:00:00+08:00,0.61567,0.61999,0.61124,0.61822,40414356.8,0.1
2020-12-07 08:00:00+08:00,0.61822,0.61909,0.6001,0.60251,68925529.6,0.1
2020-12-07 12:00:00+08:00,0.60256,0.61495,0.60093,0.61282,68560766.3,0.1
2020-12-07 16:00:00+08:00,0.61289,0.61662,0.59084,0.59821,102039054.2,0.1
2020-12-07 20:00:00+08:00,0.59821,0.611,0.5954,0.60818,41832936.7,0.1
2020-12-08 00:00:00+08:00,0.60822,0.61048,0.60171,0.604,43894146.0,0.1
2020-12-08 04:00:00+08:00,0.604,0.61,0.6021,0.60232,34892642.0,0.1
2020-12-08 08:00:00+08:00,0.60232,0.60433,0.57644,0.58766,143370265.7,0.1
2020-12-08 12:00:00+08:00,0.58769,0.597,0.57667,0.58554,89276910.8,0.1
2020-12-08 16:00:00+08:00,0.58553,0.59234,0.5785,0.57857,63531316.9,0.1
2020-12-08 20:00:00+08:00,0.57859,0.57861,0.55,0.5589,125977435.6,0.1
2020-12-09 00:00:00+08:00,0.55897,0.56474,0.54563,0.55936,93767270.0,0.1
2020-12-09 04:00:00+08:00,0.55942,0.55983,0.52208,0.52783,99813716.7,0.1
2020-12-09 08:00:00+08:00,0.52805,0.55359,0.50383,0.54939,263218886.9,0.1
2020-12-09 12:00:00+08:00,0.54951,0.56416,0.54195,0.55012,170716741.2,0.1
2020-12-09 16:00:00+08:00,0.55018,0.55921,0.53875,0.55306,96848340.9,0.1
2020-12-09 20:00:00+08:00,0.55306,0.60544,0.55306,0.58265,202908554.6,0.1
2020-12-10 00:00:00+08:00,0.58284,0.58758,0.56538,0.5742,96792986.2,0.1
2020-12-10 04:00:00+08:00,0.57447,0.58313,0.56399,0.57418,76619667.5,0.1
2020-12-10 08:00:00+08:00,0.57416,0.585,0.55847,0.56577,113194142.1,0.1
2020-12-10 12:00:00+08:00,0.56576,0.57374,0.55318,0.56922,106300310.9,0.1
2020-12-10 16:00:00+08:00,0.56921,0.58034,0.56757,0.57929,90103720.2,0.1
2020-12-10 20:00:00+08:00,0.57926,0.58848,0.57,0.57267,75665712.2,0.1
2020-12-11 00:00:00+08:00,0.57267,0.57473,0.54453,0.56052,160267282.9,0.1
2020-12-11 04:00:00+08:00,0.56047,0.56227,0.54927,0.55526,84675082.4,0.1
2020-12-11 08:00:00+08:00,0.55516,0.56338,0.52594,0.53591,154297135.5,0.1
2020-12-11 12:00:00+08:00,0.53591,0.56147,0.53406,0.56019,121408989.2,0.1
2020-12-11 16:00:00+08:00,0.5602,0.58489,0.54525,0.56932,170481661.7,0.1
2020-12-11 20:00:00+08:00,0.56932,0.58697,0.53211,0.54945,261195800.0,0.1
2020-12-12 00:00:00+08:00,0.54847,0.55102,0.48692,0.53573,306855090.9,0.1
2020-12-12 04:00:00+08:00,0.53562,0.5375,0.52265,0.53152,119236007.1,0.1
2020-12-12 08:00:00+08:00,0.53139,0.53469,0.509,0.5185,114444050.3,0.1
2020-12-12 12:00:00+08:00,0.5186,0.52537,0.48521,0.50885,205531124.4,0.1
2020-12-12 16:00:00+08:00,0.50883,0.50985,0.4912,0.50837,144818952.0,0.1
2020-12-12 20:00:00+08:00,0.50837,0.52182,0.50127,0.50658,107047971.9,0.1
2020-12-13 00:00:00+08:00,0.50658,0.50998,0.4855,0.4878,101458072.2,0.1
2020-12-13 04:00:00+08:00,0.48782,0.50999,0.48685,0.50562,92949622.2,0.1
2020-12-13 08:00:00+08:00,0.50567,0.52,0.50551,0.51112,117871098.8,0.1
2020-12-13 12:00:00+08:00,0.51135,0.5278,0.5094,0.51796,130302171.5,0.1
2020-12-13 16:00:00+08:00,0.51797,0.52705,0.51559,0.51833,82284910.4,0.1
2020-12-13 20:00:00+08:00,0.51823,0.51827,0.50056,0.51365,78119296.8,0.1
2020-12-14 00:00:00+08:00,0.51366,0.51852,0.50222,0.51313,63774324.9,0.1
2020-12-14 04:00:00+08:00,0.51314,0.51592,0.50374,0.50689,52044153.5,0.1
2020-12-14 08:00:00+08:00,0.50689,0.50945,0.49137,0.49666,78555990.8,0.1
2020-12-14 12:00:00+08:00,0.49666,0.5043,0.493,0.49866,64402329.8,0.1
2020-12-14 16:00:00+08:00,0.49862,0.49884,0.48901,0.49303,62680327.6,0.1
2020-12-14 20:00:00+08:00,0.49309,0.504,0.48971,0.4974,54244868.4,0.1
2020-12-15 00:00:00+08:00,0.49737,0.50715,0.49732,0.50097,59284595.4,0.1
2020-12-15 04:00:00+08:00,0.50098,0.50116,0.48902,0.49314,61673970.3,0.1
2020-12-15 08:00:00+08:00,0.49312,0.49399,0.47763,0.48386,104738100.0,0.1
2020-12-15 12:00:00+08:00,0.48386,0.48585,0.4665,0.47288,128549836.6,0.1
2020-12-15 16:00:00+08:00,0.4729,0.48405,0.4666,0.48337,89924273.3,0.1
2020-12-15 20:00:00+08:00,0.48337,0.48422,0.46433,0.46793,69882688.5,0.1
2020-12-16 00:00:00+08:00,0.46793,0.46855,0.43722,0.44499,199714332.1,0.1
2020-12-16 04:00:00+08:00,0.44499,0.46275,0.4418,0.45595,100369265.1,0.1
2020-12-16 08:00:00+08:00,0.45595,0.46033,0.44874,0.45656,104093585.7,0.1
2020-12-16 12:00:00+08:00,0.45657,0.52,0.4534,0.50306,323583942.4,0.1
2020-12-16 16:00:00+08:00,0.50307,0.53099,0.50281,0.51642,248556161.5,0.1
2020-12-16 20:00:00+08:00,0.51651,0.57477,0.51281,0.56941,273595284.4,0.1
2020-12-17 00:00:00+08:00,0.56938,0.584,0.5466,0.54781,308559800.5,0.1
2020-12-17 04:00:00+08:00,0.548,0.571,0.54731,0.55824,130355407.0,0.1
2020-12-17 08:00:00+08:00,0.5583,0.57603,0.5358,0.56731,276759851.1,0.1
2020-12-17 12:00:00+08:00,0.56717,0.60988,0.5593,0.60739,297446255.5,0.1
2020-12-17 16:00:00+08:00,0.60739,0.65852,0.57316,0.6004,562430546.7,0.1
2020-12-17 20:00:00+08:00,0.60001,0.61134,0.5619,0.5769,225828066.8,0.1
2020-12-18 00:00:00+08:00,0.57685,0.61346,0.55101,0.58996,261006268.5,0.1
2020-12-18 04:00:00+08:00,0.58995,0.59876,0.57698,0.59393,117956738.7,0.1
2020-12-18 08:00:00+08:00,0.59394,0.60754,0.57588,0.585,163614007.6,0.1
2020-12-18 12:00:00+08:00,0.58501,0.59186,0.55623,0.56327,176982206.7,0.1
2020-12-18 16:00:00+08:00,0.56354,0.575,0.55472,0.56666,129296239.4,0.1
2020-12-18 20:00:00+08:00,0.56663,0.58879,0.55773,0.58337,121400434.6,0.1
2020-12-19 00:00:00+08:00,0.58335,0.5859,0.56588,0.57255,91302925.4,0.1
2020-12-19 04:00:00+08:00,0.57255,0.57654,0.56654,0.56928,51891427.6,0.1
2020-12-19 08:00:00+08:00,0.56932,0.58726,0.5681,0.57494,78628248.9,0.1
2020-12-19 12:00:00+08:00,0.57519,0.59447,0.57517,0.58942,153083024.5,0.1
2020-12-19 16:00:00+08:00,0.58936,0.60377,0.58175,0.58613,161372347.6,0.1
2020-12-19 20:00:00+08:00,0.586,0.59415,0.57367,0.57666,78453809.6,0.1
2020-12-20 00:00:00+08:00,0.57692,0.57693,0.56493,0.56984,77807613.5,0.1
2020-12-20 04:00:00+08:00,0.5699,0.58075,0.56345,0.57977,59452742.3,0.1
2020-12-20 08:00:00+08:00,0.57973,0.58658,0.57383,0.57811,86027916.6,0.1
2020-12-20 12:00:00+08:00,0.57808,0.582,0.56675,0.57825,78098642.4,0.1
2020-12-20 16:00:00+08:00,0.57815,0.57877,0.565,0.57324,67673671.5,0.1
2020-12-20 20:00:00+08:00,0.57323,0.5842,0.5287,0.55586,175292135.8,0.1
2020-12-21 00:00:00+08:00,0.55576,0.56935,0.54713,0.56182,95925121.1,0.1
2020-12-21 04:00:00+08:00,0.56195,0.56773,0.55516,0.56248,63031909.6,0.1
2020-12-21 08:00:00+08:00,0.56249,0.56582,0.5175,0.52614,197097713.9,0.1
2020-12-21 12:00:00+08:00,0.52614,0.52707,0.49825,0.52292,113033117.3,0.1
2020-12-21 16:00:00+08:00,0.52254,0.52969,0.51466,0.51856,47548687.7,0.1
2020-12-21 20:00:00+08:00,0.5188,0.53096,0.51123,0.51445,76599222.5,0.1
2020-12-22 00:00:00+08:00,0.51469,0.52213,0.47619,0.48092,235083255.1,0.1
2020-12-22 04:00:00+08:00,0.48092,0.49087,0.458,0.46535,214461938.1,0.1
2020-12-22 08:00:00+08:00,0.46543,0.49121,0.4508,0.48579,229345602.9,0.1
2020-12-22 12:00:00+08:00,0.48576,0.49896,0.47568,0.48023,187911845.0,0.1
2020-12-22 16:00:00+08:00,0.48036,0.4858,0.4625,0.47117,138274997.3,0.1
2020-12-22 20:00:00+08:00,0.47122,0.488,0.40215,0.44642,504854062.8,0.1
2020-12-23 00:00:00+08:00,0.44636,0.44842,0.40292,0.41608,337682303.8,0.1
2020-12-23 04:00:00+08:00,0.41607,0.41608,0.34,0.35734,781642681.9,0.1
2020-12-23 08:00:00+08:00,0.35728,0.378,0.3033,0.32729,881165647.8,0.1
2020-12-23 12:00:00+08:00,0.3272,0.37247,0.31011,0.31453,758912551.4,0.1
2020-12-23 16:00:00+08:00,0.31451,0.3272,0.297,0.3119,561615762.2,0.1
2020-12-23 20:00:00+08:00,0.3119,0.31541,0.21164,0.2605,1232829940.3,0.1
2020-12-24 00:00:00+08:00,0.2605,0.30538,0.25,0.27255,829102539.8,0.1
2020-12-24 04:00:00+08:00,0.27266,0.27887,0.24003,0.26036,672930982.6,0.1
2020-12-24 08:00:00+08:00,0.26024,0.28298,0.257,0.27193,475490277.9,0.1
2020-12-24 12:00:00+08:00,0.27191,0.288,0.2652,0.27193,465646419.3,0.1
2020-12-24 16:00:00+08:00,0.27198,0.27428,0.24803,0.2584,377161336.8,0.1
2020-12-24 20:00:00+08:00,0.25847,0.3778,0.25355,0.33863,1001678678.3,0.1
2020-12-25 00:00:00+08:00,0.33865,0.35809,0.32329,0.33048,565101027.9,0.1
2020-12-25 04:00:00+08:00,0.33049,0.35383,0.32591,0.34846,258979267.2,0.1
2020-12-25 08:00:00+08:00,0.34846,0.3855,0.34,0.3804,400414707.4,0.1
2020-12-25 12:00:00+08:00,0.38035,0.38275,0.34112,0.35591,436843198.8,0.1
2020-12-25 16:00:00+08:00,0.3558,0.37989,0.2797,0.34459,1195201517.9,0.1
2020-12-25 20:00:00+08:00,0.34459,0.34764,0.3011,0.31768,485676284.8,0.1
2020-12-26 00:00:00+08:00,0.3179,0.32428,0.30173,0.31937,297944023.9,0.1
2020-12-26 04:00:00+08:00,0.31933,0.32049,0.30356,0.30991,157633725.0,0.1
2020-12-26 08:00:00+08:00,0.30999,0.3133,0.28923,0.3027,291597144.8,0.1
2020-12-26 12:00:00+08:00,0.30276,0.30999,0.29256,0.29529,296253545.9,0.1
2020-12-26 16:00:00+08:00,0.29529,0.32723,0.28303,0.29847,442871762.3,0.1
2020-12-26 20:00:00+08:00,0.29847,0.3055,0.28852,0.29481,199423796.8,0.1
2020-12-27 00:00:00+08:00,0.29484,0.3034,0.29003,0.29776,186153070.6,0.1
2020-12-27 04:00:00+08:00,0.29786,0.30337,0.29363,0.29657,137671645.4,0.1
2020-12-27 08:00:00+08:00,0.2966,0.29802,0.27,0.27706,267378866.7,0.1
2020-12-27 12:00:00+08:00,0.27706,0.30104,0.266,0.29616,406448227.2,0.1
2020-12-27 16:00:00+08:00,0.29614,0.312,0.28964,0.29557,280498764.9,0.1
2020-12-27 20:00:00+08:00,0.2955,0.29562,0.27622,0.28407,175475257.2,0.1
2020-12-28 00:00:00+08:00,0.28401,0.28741,0.27808,0.2824,136686283.0,0.1
2020-12-28 04:00:00+08:00,0.28243,0.287,0.27838,0.28515,113437716.2,0.1
2020-12-28 08:00:00+08:00,0.28523,0.31,0.28048,0.29734,321657268.4,0.1
2020-12-28 12:00:00+08:00,0.29734,0.29841,0.28665,0.28898,160512041.0,0.1
2020-12-28 16:00:00+08:00,0.28898,0.29285,0.275,0.28532,210408184.4,0.1
2020-12-28 20:00:00+08:00,0.28536,0.28579,0.2341,0.24845,604572809.2,0.1
2020-12-29 00:00:00+08:00,0.24832,0.24888,0.22,0.22066,628851925.8,0.1
2020-12-29 04:00:00+08:00,0.22065,0.23499,0.22,0.22696,337372603.5,0.1
2020-12-29 08:00:00+08:00,0.22691,0.22911,0.1888,0.20007,602647686.1,0.1
2020-12-29 12:00:00+08:00,0.20017,0.205,0.1781,0.1792,548296464.0,0.1
2020-12-29 16:00:00+08:00,0.17925,0.25167,0.17351,0.22154,1440504772.4,0.1
2020-12-29 20:00:00+08:00,0.22143,0.23,0.205,0.22142,657902857.4,0.1
2020-12-30 00:00:00+08:00,0.22142,0.22351,0.19186,0.20084,492076143.1,0.1
2020-12-30 04:00:00+08:00,0.20082,0.21502,0.193,0.20186,400929736.9,0.1
2020-12-30 08:00:00+08:00,0.20186,0.22387,0.20069,0.21536,418093552.9,0.1
2020-12-30 12:00:00+08:00,0.21534,0.23463,0.20824,0.23115,429004190.0,0.1
2020-12-30 16:00:00+08:00,0.23112,0.23665,0.20816,0.21422,426768648.6,0.1
2020-12-30 20:00:00+08:00,0.21426,0.2205,0.1995,0.21138,411764767.6,0.1
2020-12-31 00:00:00+08:00,0.21133,0.21926,0.20521,0.21469,248118218.5,0.1
2020-12-31 04:00:00+08:00,0.21474,0.22,0.21011,0.21711,187250985.7,0.1
2020-12-31 08:00:00+08:00,0.21712,0.22949,0.2133,0.22075,263709014.5,0.1
2020-12-31 12:00:00+08:00,0.22061,0.22435,0.20797,0.21538,274535799.4,0.1
2020-12-31 16:00:00+08:00,0.21539,0.22292,0.21377,0.2191,201101333.1,0.1
2020-12-31 20:00:00+08:00,0.21911,0.22863,0.2174,0.21959,217161538.7,0.1
2021-01-01 00:00:00+08:00,0.21953,0.22901,0.216,0.2273,152869092.2,0.1
2021-01-01 04:00:00+08:00,0.2273,0.25,0.22564,0.22976,410903056.0,0.1
2021-01-01 08:00:00+08:00,0.22971,0.24231,0.22577,0.23732,223717854.1,0.1
2021-01-01 12:00:00+08:00,0.23736,0.2446,0.23139,0.24282,214552754.0,0.1
2021-01-01 16:00:00+08:00,0.24289,0.25,0.22888,0.23371,362852049.2,0.1
2021-01-01 20:00:00+08:00,0.23382,0.241,0.23243,0.23746,125594921.9,0.1
2021-01-02 00:00:00+08:00,0.2374,0.23823,0.23078,0.23461,120976606.2,0.1
2021-01-02 04:00:00+08:00,0.23461,0.2364,0.23234,0.23337,88650190.5,0.1
2021-01-02 08:00:00+08:00,0.23347,0.23423,0.2215,0.22761,208164332.5,0.1
2021-01-02 12:00:00+08:00,0.2276,0.2335,0.22569,0.22875,189041528.8,0.1
2021-01-02 16:00:00+08:00,0.22881,0.22881,0.215,0.22079,298652339.6,0.1
2021-01-02 20:00:00+08:00,0.22084,0.2292,0.21084,0.22064,228544210.7,0.1
2021-01-03 00:00:00+08:00,0.22064,0.22349,0.21718,0.22133,113419764.2,0.1
2021-01-03 04:00:00+08:00,0.22136,0.22523,0.215,0.21789,150688672.3,0.1
2021-01-03 08:00:00+08:00,0.21785,0.22648,0.216,0.22102,199087335.0,0.1
2021-01-03 12:00:00+08:00,0.22105,0.22499,0.2171,0.221,207132285.1,0.1
2021-01-03 16:00:00+08:00,0.221,0.23852,0.21913,0.22509,356841057.6,0.1
2021-01-03 20:00:00+08:00,0.22508,0.2295,0.22282,0.2254,150989850.2,0.1
2021-01-04 00:00:00+08:00,0.2254,0.2355,0.2225,0.23255,200844824.1,0.1
2021-01-04 04:00:00+08:00,0.23259,0.26091,0.23011,0.23995,448246155.5,0.1
2021-01-04 08:00:00+08:00,0.24001,0.24531,0.218,0.23166,349108785.8,0.1
2021-01-04 12:00:00+08:00,0.23157,0.23499,0.2254,0.23383,192911815.9,0.1
2021-01-04 16:00:00+08:00,0.23387,0.24077,0.22765,0.23148,186388517.0,0.1
2021-01-04 20:00:00+08:00,0.23149,0.23781,0.2282,0.23565,140796012.1,0.1
2021-01-05 00:00:00+08:00,0.23568,0.24,0.22694,0.22782,192126705.1,0.1
2021-01-05 04:00:00+08:00,0.22775,0.23172,0.22501,0.22977,134144875.2,0.1
2021-01-05 08:00:00+08:00,0.22977,0.24269,0.22973,0.23811,164622047.3,0.1
2021-01-05 12:00:00+08:00,0.23812,0.23933,0.21774,0.2271,352381417.8,0.1
2021-01-05 16:00:00+08:00,0.2271,0.22958,0.2215,0.22502,196284411.0,0.1
2021-01-05 20:00:00+08:00,0.22502,0.22727,0.22208,0.22573,144879620.7,0.1
2021-01-06 00:00:00+08:00,0.22577,0.2353,0.22139,0.22488,181288187.5,0.1
2021-01-06 04:00:00+08:00,0.22486,0.22979,0.22443,0.22705,148403255.0,0.1
2021-01-06 08:00:00+08:00,0.22704,0.23346,0.2244,0.22751,181933477.3,0.1
2021-01-06 12:00:00+08:00,0.22752,0.2745,0.22685,0.24658,715808264.4,0.1
2021-01-06 16:00:00+08:00,0.24658,0.25745,0.23837,0.24765,281564954.8,0.1
2021-01-06 20:00:00+08:00,0.2476,0.2553,0.23613,0.24854,267264836.4,0.1
2021-01-07 00:00:00+08:00,0.24856,0.27872,0.2453,0.27735,352586108.8,0.1
2021-01-07 04:00:00+08:00,0.27734,0.31889,0.27523,0.28841,900938005.6,0.1
2021-01-07 08:00:00+08:00,0.28844,0.36232,0.27575,0.35797,867684409.5,0.1
2021-01-07 12:00:00+08:00,0.3584,0.361,0.32315,0.33627,609346888.5,0.1
2021-01-07 16:00:00+08:00,0.33621,0.37,0.28856,0.32675,765090660.2,0.1
2021-01-07 20:00:00+08:00,0.327,0.3458,0.30958,0.32389,367939451.7,0.1
2021-01-08 00:00:00+08:00,0.32389,0.3467,0.28487,0.30325,549617684.8,0.1
2021-01-08 04:00:00+08:00,0.3034,0.32542,0.29544,0.3214,335943088.5,0.1
2021-01-08 08:00:00+08:00,0.32132,0.34499,0.31531,0.32858,386300947.8,0.1
2021-01-08 12:00:00+08:00,0.32862,0.3314,0.30261,0.31283,352591457.6,0.1
2021-01-08 16:00:00+08:00,0.31285,0.32172,0.30389,0.31028,205403098.9,0.1
2021-01-08 20:00:00+08:00,0.31036,0.32397,0.29692,0.32032,199159284.9,0.1
2021-01-09 00:00:00+08:00,0.32049,0.32768,0.30523,0.32213,276493595.9,0.1
2021-01-09 04:00:00+08:00,0.32219,0.3225,0.30856,0.31792,166953496.2,0.1
2021-01-09 08:00:00+08:00,0.31792,0.332,0.31348,0.32285,199192441.0,0.1
2021-01-09 12:00:00+08:00,0.32291,0.3298,0.31623,0.3222,186732328.0,0.1
2021-01-09 16:00:00+08:00,0.32224,0.329,0.31429,0.32734,163940202.7,0.1
2021-01-09 20:00:00+08:00,0.32739,0.3395,0.32092,0.32419,184598245.1,0.1
2021-01-10 00:00:00+08:00,0.32419,0.33982,0.32407,0.33205,177007924.0,0.1
2021-01-10 04:00:00+08:00,0.33193,0.368,0.3245,0.35327,333045672.3,0.1
2021-01-10 08:00:00+08:00,0.35326,0.3586,0.3151,0.32132,379888819.5,0.1
2021-01-10 12:00:00+08:00,0.32149,0.33744,0.3159,0.32691,259061661.4,0.1
2021-01-10 16:00:00+08:00,0.32691,0.33044,0.30956,0.3117,260267848.2,0.1
2021-01-10 20:00:00+08:00,0.31186,0.31972,0.28708,0.31491,308053481.0,0.1
2021-01-11 00:00:00+08:00,0.31487,0.31627,0.25343,0.27491,361115952.3,0.1
2021-01-11 04:00:00+08:00,0.27501,0.285,0.26204,0.27969,372245694.6,0.1
2021-01-11 08:00:00+08:00,0.27977,0.29991,0.27767,0.28344,272128814.6,0.1
2021-01-11 12:00:00+08:00,0.28384,0.28915,0.26063,0.2666,361548598.1,0.1
2021-01-11 16:00:00+08:00,0.26658,0.2816,0.25847,0.27538,396080062.6,0.1
2021-01-11 20:00:00+08:00,0.27546,0.29,0.27034,0.28743,200536029.6,0.1
2021-01-12 00:00:00+08:00,0.28742,0.305,0.27957,0.303,197707003.1,0.1
2021-01-12 04:00:00+08:00,0.30312,0.31003,0.29571,0.30442,230288595.9,0.1
2021-01-12 08:00:00+08:00,0.30424,0.30585,0.28737,0.29355,189264550.2,0.1
2021-01-12 12:00:00+08:00,0.29353,0.29993,0.27743,0.28548,195150432.7,0.1
2021-01-12 16:00:00+08:00,0.28547,0.30412,0.2854,0.29256,169382250.6,0.1
2021-01-12 20:00:00+08:00,0.29274,0.30027,0.2861,0.29254,118550758.5,0.1
2021-01-13 00:00:00+08:00,0.29241,0.297,0.2848,0.29328,163304343.3,0.1
2021-01-13 04:00:00+08:00,0.2933,0.29962,0.28768,0.29813,116734788.3,0.1
2021-01-13 08:00:00+08:00,0.29814,0.3055,0.29398,0.29895,151528232.6,0.1
2021-01-13 12:00:00+08:00,0.29887,0.30268,0.29557,0.29955,99674602.8,0.1
2021-01-13 16:00:00+08:00,0.29973,0.30629,0.29753,0.30272,96738844.1,0.1
2021-01-13 20:00:00+08:00,0.30272,0.31,0.2995,0.30582,137001042.8,0.1
2021-01-14 00:00:00+08:00,0.3057,0.309,0.28334,0.29061,244740528.4,0.1
2021-01-14 04:00:00+08:00,0.29051,0.29962,0.28933,0.29762,125994717.7,0.1
2021-01-14 08:00:00+08:00,0.29763,0.2993,0.29266,0.29524,117615065.3,0.1
2021-01-14 12:00:00+08:00,0.29519,0.30001,0.2905,0.29717,165994563.3,0.1
2021-01-14 16:00:00+08:00,0.29717,0.30495,0.29552,0.29677,139908156.9,0.1
2021-01-14 20:00:00+08:00,0.29676,0.29815,0.2905,0.29642,93650571.9,0.1
2021-01-15 00:00:00+08:00,0.29648,0.30337,0.29415,0.29611,120219601.1,0.1
2021-01-15 04:00:00+08:00,0.29613,0.29683,0.28868,0.29341,114038721.4,0.1
2021-01-15 08:00:00+08:00,0.29344,0.29446,0.29019,0.29135,103755101.5,0.1
2021-01-15 12:00:00+08:00,0.29127,0.29168,0.2721,0.27388,197438638.4,0.1
2021-01-15 16:00:00+08:00,0.27402,0.2808,0.261,0.27469,199366572.2,0.1
2021-01-15 20:00:00+08:00,0.27453,0.2815,0.27151,0.27991,110173268.9,0.1
2021-01-16 00:00:00+08:00,0.27987,0.28666,0.27798,0.27933,119281634.2,0.1
2021-01-16 04:00:00+08:00,0.27934,0.28216,0.27572,0.28132,79041842.2,0.1
2021-01-16 08:00:00+08:00,0.28139,0.29488,0.28,0.29187,156109069.3,0.1
2021-01-16 12:00:00+08:00,0.29191,0.29666,0.28401,0.28783,170264331.4,0.1
2021-01-16 16:00:00+08:00,0.28785,0.29128,0.27844,0.28367,122953369.5,0.1
2021-01-16 20:00:00+08:00,0.28366,0.28569,0.27503,0.27924,102256997.8,0.1
2021-01-17 00:00:00+08:00,0.2792,0.28572,0.27559,0.28157,91310776.7,0.1
2021-01-17 04:00:00+08:00,0.28159,0.28302,0.27183,0.27322,84245681.4,0.1
2021-01-17 08:00:00+08:00,0.27322,0.27554,0.26846,0.27503,120206148.7,0.1
2021-01-17 12:00:00+08:00,0.27508,0.27872,0.27153,0.27659,90604854.7,0.1
2021-01-17 16:00:00+08:00,0.27665,0.27918,0.27421,0.27511,68410985.0,0.1
2021-01-17 20:00:00+08:00,0.27514,0.28201,0.27514,0.27746,88275531.3,0.1
2021-01-18 00:00:00+08:00,0.27741,0.27895,0.27144,0.27295,69238710.5,0.1
2021-01-18 04:00:00+08:00,0.27299,0.27847,0.272,0.2777,48999770.9,0.1
2021-01-18 08:00:00+08:00,0.2777,0.28874,0.277,0.28408,157991520.3,0.1
2021-01-18 12:00:00+08:00,0.28409,0.28875,0.28136,0.28411,117304745.8,0.1
2021-01-18 16:00:00+08:00,0.28411,0.2866,0.27776,0.28176,77447068.4,0.1
2021-01-18 20:00:00+08:00,0.28176,0.28638,0.28079,0.28528,65562561.2,0.1
2021-01-19 00:00:00+08:00,0.28529,0.29471,0.28396,0.29111,142201405.6,0.1
2021-01-19 04:00:00+08:00,0.29117,0.33,0.28827,0.30635,413915992.5,0.1
2021-01-19 08:00:00+08:00,0.30629,0.31028,0.2955,0.30203,238119227.5,0.1
2021-01-19 12:00:00+08:00,0.30216,0.31164,0.3009,0.30792,195575077.9,0.1
2021-01-19 16:00:00+08:00,0.30793,0.31071,0.2955,0.29978,168102889.5,0.1
2021-01-19 20:00:00+08:00,0.29977,0.3057,0.293,0.29396,109118716.6,0.1
2021-01-20 00:00:00+08:00,0.29395,0.2994,0.28263,0.28555,156100148.8,0.1
2021-01-20 04:00:00+08:00,0.28558,0.31184,0.28245,0.29746,209950079.7,0.1
2021-01-20 08:00:00+08:00,0.29745,0.30068,0.28,0.2848,203349032.5,0.1
2021-01-20 12:00:00+08:00,0.28482,0.2909,0.28135,0.28467,123792280.1,0.1
2021-01-20 16:00:00+08:00,0.28471,0.29244,0.28033,0.29117,93645988.9,0.1
2021-01-20 20:00:00+08:00,0.29115,0.2979,0.28903,0.29539,63527924.5,0.1
2021-01-21 00:00:00+08:00,0.29553,0.30797,0.28787,0.2945,172537548.9,0.1
2021-01-21 04:00:00+08:00,0.2945,0.3016,0.29018,0.29601,112730814.7,0.1
2021-01-21 08:00:00+08:00,0.29586,0.29617,0.28103,0.28305,154147708.3,0.1
2021-01-21 12:00:00+08:00,0.28304,0.28466,0.27333,0.27551,196414317.4,0.1
2021-01-21 16:00:00+08:00,0.2755,0.28122,0.26555,0.27764,148409988.8,0.1
2021-01-21 20:00:00+08:00,0.27761,0.27917,0.25992,0.26802,124043672.1,0.1
2021-01-22 00:00:00+08:00,0.26786,0.26867,0.24021,0.26735,277857757.8,0.1
2021-01-22 04:00:00+08:00,0.2673,0.27179,0.26149,0.26421,137210543.0,0.1
2021-01-22 08:00:00+08:00,0.26421,0.27363,0.26051,0.27085,120543243.4,0.1
2021-01-22 12:00:00+08:00,0.27098,0.27778,0.2683,0.27401,113681000.3,0.1
2021-01-22 16:00:00+08:00,0.27402,0.27626,0.271,0.27563,85796889.4,0.1
2021-01-22 20:00:00+08:00,0.27567,0.27826,0.2689,0.27217,64771706.4,0.1
2021-01-23 00:00:00+08:00,0.27216,0.28356,0.27002,0.27718,105543514.1,0.1
2021-01-23 04:00:00+08:00,0.27717,0.27976,0.27525,0.27933,65852397.1,0.1
2021-01-23 08:00:00+08:00,0.27933,0.28032,0.26601,0.2678,98577467.4,0.1
2021-01-23 12:00:00+08:00,0.26776,0.27245,0.26545,0.27101,81764426.5,0.1
2021-01-23 16:00:00+08:00,0.271,0.2744,0.26927,0.27297,57323951.8,0.1
2021-01-23 20:00:00+08:00,0.27296,0.27342,0.27,0.27167,37484838.5,0.1
2021-01-24 00:00:00+08:00,0.27169,0.27555,0.26831,0.27526,56379117.6,0.1
2021-01-24 04:00:00+08:00,0.2753,0.27798,0.273,0.27496,59030978.1,0.1
2021-01-24 08:00:00+08:00,0.27491,0.2765,0.27273,0.2761,57466488.0,0.1
2021-01-24 12:00:00+08:00,0.27608,0.27674,0.27104,0.27225,71250612.1,0.1
2021-01-24 16:00:00+08:00,0.27227,0.27491,0.26804,0.27071,63353142.0,0.1
2021-01-24 20:00:00+08:00,0.27054,0.27437,0.2701,0.27339,45911048.1,0.1
2021-01-25 00:00:00+08:00,0.27335,0.28138,0.27297,0.27956,101257374.3,0.1
2021-01-25 04:00:00+08:00,0.27957,0.28069,0.27634,0.27815,53542603.7,0.1
2021-01-25 08:00:00+08:00,0.27815,0.27843,0.2719,0.27479,53593654.4,0.1
2021-01-25 12:00:00+08:00,0.27485,0.285,0.27395,0.27794,97454979.8,0.1
2021-01-25 16:00:00+08:00,0.27793,0.27976,0.27074,0.27259,92956067.2,0.1
2021-01-25 20:00:00+08:00,0.27257,0.27403,0.26679,0.26757,84341139.0,0.1
2021-01-26 00:00:00+08:00,0.26751,0.27095,0.26295,0.26384,75531407.1,0.1
2021-01-26 04:00:00+08:00,0.26387,0.26841,0.26327,0.26602,54882650.7,0.1
2021-01-26 08:00:00+08:00,0.26601,0.27092,0.26377,0.26542,69323536.9,0.1
2021-01-26 12:00:00+08:00,0.26541,0.2662,0.258,0.26266,78886697.1,0.1
2021-01-26 16:00:00+08:00,0.26268,0.26797,0.26012,0.26672,63359301.5,0.1
2021-01-26 20:00:00+08:00,0.26677,0.26956,0.26507,0.26834,41708698.8,0.1
2021-01-27 00:00:00+08:00,0.26837,0.26871,0.26378,0.26458,42999346.0,0.1
2021-01-27 04:00:00+08:00,0.26456,0.26591,0.25969,0.26342,54666198.2,0.1
2021-01-27 08:00:00+08:00,0.2634,0.26353,0.2519,0.25207,97191833.0,0.1
2021-01-27 12:00:00+08:00,0.2521,0.25753,0.24388,0.25251,130304387.8,0.1
2021-01-27 16:00:00+08:00,0.25247,0.25469,0.24627,0.25294,86418579.7,0.1
2021-01-27 20:00:00+08:00,0.25288,0.25677,0.24932,0.25039,56504910.4,0.1
2021-01-28 00:00:00+08:00,0.25058,0.257,0.24699,0.25582,58680634.2,0.1
2021-01-28 04:00:00+08:00,0.25584,0.26071,0.25441,0.25716,73366351.5,0.1
2021-01-28 08:00:00+08:00,0.25713,0.25899,0.25405,0.2574,62408186.0,0.1
2021-01-28 12:00:00+08:00,0.2574,0.2648,0.25657,0.2634,112689465.6,0.1
2021-01-28 16:00:00+08:00,0.2634,0.2653,0.25795,0.26024,99944292.5,0.1
2021-01-28 20:00:00+08:00,0.26024,0.27,0.25952,0.26407,89129504.2,0.1
2021-01-29 00:00:00+08:00,0.26413,0.27223,0.26171,0.26359,144266614.3,0.1
2021-01-29 04:00:00+08:00,0.26358,0.31724,0.25915,0.27814,686937285.9,0.1
2021-01-29 08:00:00+08:00,0.27816,0.2886,0.27501,0.28411,305994339.8,0.1
2021-01-29 12:00:00+08:00,0.2841,0.2987,0.28,0.2872,249814066.2,0.1
2021-01-29 16:00:00+08:00,0.28718,0.2929,0.27814,0.28287,210881018.9,0.1
2021-01-29 20:00:00+08:00,0.28265,0.28992,0.2805,0.2829,97951273.7,0.1
2021-01-30 00:00:00+08:00,0.2829,0.30738,0.278,0.28452,245815704.8,0.1
2021-01-30 04:00:00+08:00,0.28447,0.29693,0.28321,0.29307,160510705.9,0.1
2021-01-30 08:00:00+08:00,0.29305,0.33874,0.29291,0.31734,664287212.2,0.1
2021-01-30 12:00:00+08:00,0.31734,0.38235,0.31338,0.38196,872478078.1,0.1
2021-01-30 16:00:00+08:00,0.38195,0.5178,0.36,0.41425,2820399764.3,0.1
2021-01-30 20:00:00+08:00,0.41425,0.47499,0.37174,0.44372,1109338982.7,0.1
2021-01-31 00:00:00+08:00,0.44369,0.44858,0.385,0.39612,628695034.1,0.1
2021-01-31 04:00:00+08:00,0.39598,0.461,0.39517,0.44202,581562291.5,0.1
2021-01-31 08:00:00+08:00,0.44207,0.51,0.427,0.49208,1241153021.0,0.1
2021-01-31 12:00:00+08:00,0.49207,0.50922,0.42666,0.47778,1015848204.7,0.1
2021-01-31 16:00:00+08:00,0.47778,0.48597,0.439,0.47042,638813165.5,0.1
2021-01-31 20:00:00+08:00,0.47033,0.4995,0.45445,0.49507,418585970.0,0.1
2021-02-01 00:00:00+08:00,0.49516,0.58,0.46,0.5545,793175640.6,0.1
2021-02-01 04:00:00+08:00,0.55444,0.63396,0.545,0.6278,946727999.4,0.1
2021-02-01 08:00:00+08:00,0.62784,0.755,0.556,0.61516,1886907521.1,0.1
2021-02-01 12:00:00+08:00,0.61516,0.65,0.39719,0.42235,3272164383.8,0.1
2021-02-01 16:00:00+08:00,0.42245,0.43425,0.36666,0.39209,1071184815.6,0.1
2021-02-01 20:00:00+08:00,0.39209,0.4238,0.35928,0.37106,638197722.1,0.1
2021-02-02 00:00:00+08:00,0.37123,0.396,0.3401,0.37236,619786797.1,0.1
2021-02-02 04:00:00+08:00,0.37239,0.38924,0.35644,0.36395,300344214.1,0.1
2021-02-02 08:00:00+08:00,0.36408,0.41123,0.36377,0.39106,429404403.1,0.1
2021-02-02 12:00:00+08:00,0.39106,0.40466,0.37555,0.38061,282084752.2,0.1
2021-02-02 16:00:00+08:00,0.38087,0.38456,0.36613,0.37893,248254001.5,0.1
2021-02-02 20:00:00+08:00,0.37895,0.37908,0.3567,0.37254,212037839.8,0.1
2021-02-03 00:00:00+08:00,0.37254,0.39785,0.37254,0.38122,241091277.8,0.1
2021-02-03 04:00:00+08:00,0.38114,0.38774,0.37633,0.38293,154138928.9,0.1
2021-02-03 08:00:00+08:00,0.38298,0.38865,0.37309,0.37522,181526933.5,0.1
2021-02-03 12:00:00+08:00,0.37522,0.38426,0.37285,0.37703,157193180.2,0.1
2021-02-03 16:00:00+08:00,0.37712,0.419,0.37657,0.39316,487867610.0,0.1
2021-02-03 20:00:00+08:00,0.39318,0.39903,0.38235,0.39721,166498953.6,0.1
2021-02-04 00:00:00+08:00,0.39721,0.39857,0.38289,0.3834,151139143.2,0.1
2021-02-04 04:00:00+08:00,0.38342,0.394,0.37885,0.38718,125200067.1,0.1
2021-02-04 08:00:00+08:00,0.38715,0.41236,0.38,0.38852,348161756.1,0.1
2021-02-04 12:00:00+08:00,0.38846,0.4105,0.3875,0.40481,314478101.0,0.1
2021-02-04 16:00:00+08:00,0.40469,0.4495,0.40441,0.4307,789866331.6,0.1
2021-02-04 20:00:00+08:00,0.43073,0.48159,0.426,0.44545,554685513.6,0.1
2021-02-05 00:00:00+08:00,0.44535,0.47222,0.4241,0.44515,385079788.2,0.1
2021-02-05 04:00:00+08:00,0.44516,0.45769,0.43687,0.44456,231333642.8,0.1
2021-02-05 08:00:00+08:00,0.44459,0.451,0.42532,0.44102,277374723.1,0.1
2021-02-05 12:00:00+08:00,0.44105,0.4544,0.43661,0.44726,245473557.0,0.1
2021-02-05 16:00:00+08:00,0.44726,0.4653,0.43239,0.44075,278118618.2,0.1
2021-02-05 20:00:00+08:00,0.44069,0.45569,0.44012,0.45219,127735581.0,0.1
2021-02-06 00:00:00+08:00,0.45195,0.45688,0.42,0.43599,203156815.2,0.1
2021-02-06 04:00:00+08:00,0.43591,0.445,0.42838,0.43649,101787054.1,0.1
2021-02-06 08:00:00+08:00,0.43655,0.44249,0.43,0.43625,136217009.5,0.1
2021-02-06 12:00:00+08:00,0.43625,0.45084,0.4323,0.44739,135004378.7,0.1
2021-02-06 16:00:00+08:00,0.44739,0.45643,0.44171,0.44835,177110911.7,0.1
2021-02-06 20:00:00+08:00,0.44838,0.45141,0.43693,0.44307,122494876.7,0.1
2021-02-07 00:00:00+08:00,0.44307,0.45089,0.43234,0.43891,156837526.7,0.1
2021-02-07 04:00:00+08:00,0.43891,0.43954,0.42,0.43414,170198370.0,0.1
2021-02-07 08:00:00+08:00,0.43403,0.446,0.4338,0.43913,152156205.8,0.1
2021-02-07 12:00:00+08:00,0.43912,0.4448,0.39123,0.41214,293706224.5,0.1
2021-02-07 16:00:00+08:00,0.41215,0.42567,0.39553,0.41921,249937780.7,0.1
2021-02-07 20:00:00+08:00,0.41927,0.42348,0.41214,0.41849,118783941.4,0.1
2021-02-08 00:00:00+08:00,0.41848,0.4288,0.4125,0.41479,111225231.8,0.1
2021-02-08 04:00:00+08:00,0.41474,0.43248,0.41376,0.42994,108374279.9,0.1
2021-02-08 08:00:00+08:00,0.42996,0.43325,0.42084,0.42791,135001800.4,0.1
2021-02-08 12:00:00+08:00,0.42793,0.4692,0.42348,0.44437,416178399.2,0.1
2021-02-08 16:00:00+08:00,0.44444,0.462,0.43981,0.44777,234955356.4,0.1
2021-02-08 20:00:00+08:00,0.44769,0.458,0.44279,0.45099,143531889.6,0.1
2021-02-09 00:00:00+08:00,0.45098,0.465,0.44901,0.4636,195325189.4,0.1
2021-02-09 04:00:00+08:00,0.46361,0.49,0.46111,0.47403,323819424.5,0.1
2021-02-09 08:00:00+08:00,0.47419,0.47953,0.45283,0.46333,246050670.5,0.1
2021-02-09 12:00:00+08:00,0.46336,0.46948,0.45001,0.45913,177772197.8,0.1
2021-02-09 16:00:00+08:00,0.45912,0.47745,0.45517,0.47648,216039962.5,0.1
2021-02-09 20:00:00+08:00,0.47645,0.47765,0.46434,0.47636,114708758.6,0.1
2021-02-10 00:00:00+08:00,0.47637,0.49885,0.47039,0.4918,241881247.3,0.1
2021-02-10 04:00:00+08:00,0.49188,0.49879,0.47255,0.49845,166432011.0,0.1
2021-02-10 08:00:00+08:00,0.49839,0.54224,0.49839,0.52781,523367244.7,0.1
2021-02-10 12:00:00+08:00,0.52781,0.52781,0.45,0.48739,650966052.1,0.1
2021-02-10 16:00:00+08:00,0.48727,0.50325,0.47601,0.49683,258372356.2,0.1
2021-02-10 20:00:00+08:00,0.49673,0.51661,0.48,0.50429,183755519.3,0.1
2021-02-11 00:00:00+08:00,0.50422,0.52799,0.49982,0.51156,158969657.7,0.1
2021-02-11 04:00:00+08:00,0.51164,0.51874,0.5065,0.51586,102308675.1,0.1
2021-02-11 08:00:00+08:00,0.51576,0.52199,0.50201,0.51195,195694721.0,0.1
2021-02-11 12:00:00+08:00,0.51195,0.53396,0.51138,0.52636,208944925.4,0.1
2021-02-11 16:00:00+08:00,0.52653,0.53545,0.51518,0.52883,155242166.0,0.1
2021-02-11 20:00:00+08:00,0.52882,0.5333,0.5103,0.52806,140242127.0,0.1
2021-02-12 00:00:00+08:00,0.52824,0.57,0.51871,0.55881,296613928.3,0.1
2021-02-12 04:00:00+08:00,0.55892,0.56146,0.53112,0.55543,233020239.6,0.1
2021-02-12 08:00:00+08:00,0.55559,0.59928,0.55545,0.5807,379827526.7,0.1
2021-02-12 12:00:00+08:00,0.58068,0.59399,0.55131,0.58707,315381449.8,0.1
2021-02-12 16:00:00+08:00,0.58706,0.59317,0.57126,0.57359,209829445.6,0.1
2021-02-12 20:00:00+08:00,0.57359,0.61922,0.5722,0.609,237381018.3,0.1
2021-02-13 00:00:00+08:00,0.609,0.64244,0.60457,0.6271,252584440.7,0.1
2021-02-13 04:00:00+08:00,0.627,0.63773,0.5972,0.5995,215075604.5,0.1
2021-02-13 08:00:00+08:00,0.59951,0.61695,0.54306,0.57632,441302918.6,0.1
2021-02-13 12:00:00+08:00,0.57632,0.62064,0.56685,0.6134,302237579.7,0.1
2021-02-13 16:00:00+08:00,0.61354,0.62589,0.60055,0.60991,213907537.8,0.1
2021-02-13 20:00:00+08:00,0.60987,0.642,0.60318,0.63309,170375338.0,0.1
2021-02-14 00:00:00+08:00,0.63309,0.63981,0.59932,0.60282,189126171.5,0.1
2021-02-14 04:00:00+08:00,0.60284,0.62073,0.60146,0.61937,129821203.7,0.1
2021-02-14 08:00:00+08:00,0.61936,0.62776,0.591,0.60915,153344533.9,0.1
2021-02-14 12:00:00+08:00,0.60915,0.60966,0.56111,0.58881,286530376.2,0.1
2021-02-14 16:00:00+08:00,0.58914,0.60141,0.58043,0.59415,149832446.8,0.1
2021-02-14 20:00:00+08:00,0.59413,0.614,0.59022,0.59211,101362170.2,0.1
2021-02-15 00:00:00+08:00,0.59217,0.6043,0.50891,0.5494,412395337.1,0.1
2021-02-15 04:00:00+08:00,0.5494,0.572,0.52304,0.56251,240292347.2,0.1
2021-02-15 08:00:00+08:00,0.56267,0.57904,0.54975,0.57159,163220786.3,0.1
2021-02-15 12:00:00+08:00,0.57178,0.58358,0.56041,0.57497,150335505.0,0.1
2021-02-15 16:00:00+08:00,0.57487,0.58562,0.574,0.57857,104891227.2,0.1
2021-02-15 20:00:00+08:00,0.57857,0.57918,0.54284,0.54976,151375180.1,0.1
2021-02-16 00:00:00+08:00,0.54987,0.58,0.53421,0.57566,138738647.9,0.1
2021-02-16 04:00:00+08:00,0.57558,0.58005,0.55186,0.5614,122509677.8,0.1
2021-02-16 08:00:00+08:00,0.56134,0.56418,0.53671,0.54059,165538419.1,0.1
2021-02-16 12:00:00+08:00,0.5406,0.5539,0.52537,0.53068,255027199.2,0.1
2021-02-16 16:00:00+08:00,0.53087,0.53343,0.50332,0.52096,261160192.4,0.1
2021-02-16 20:00:00+08:00,0.52096,0.52499,0.48111,0.51995,210667153.7,0.1
2021-02-17 00:00:00+08:00,0.5198,0.53061,0.51087,0.51563,140873082.1,0.1
2021-02-17 04:00:00+08:00,0.51565,0.539,0.49336,0.52869,195714478.9,0.1
2021-02-17 08:00:00+08:00,0.5287,0.5546,0.52229,0.53422,189963534.3,0.1
2021-02-17 12:00:00+08:00,0.53423,0.5488,0.52944,0.54071,141956062.4,0.1
2021-02-17 16:00:00+08:00,0.54066,0.55751,0.53836,0.54441,139658650.9,0.1
2021-02-17 20:00:00+08:00,0.54429,0.55178,0.53178,0.53467,100433839.9,0.1
2021-02-18 00:00:00+08:00,0.5346,0.54994,0.53452,0.54233,102202518.1,0.1
2021-02-18 04:00:00+08:00,0.54233,0.55995,0.5388,0.54838,131841556.0,0.1
2021-02-18 08:00:00+08:00,0.5484,0.55225,0.52361,0.53348,171403748.5,0.1
2021-02-18 12:00:00+08:00,0.53351,0.53899,0.51901,0.52918,147507884.8,0.1
2021-02-18 16:00:00+08:00,0.52918,0.5433,0.52828,0.53415,109286901.6,0.1
2021-02-18 20:00:00+08:00,0.53408,0.547,0.5302,0.53204,99388875.1,0.1
2021-02-19 00:00:00+08:00,0.53217,0.53826,0.5131,0.52903,176566160.8,0.1
2021-02-19 04:00:00+08:00,0.52904,0.5407,0.52328,0.53739,147231696.7,0.1
2021-02-19 08:00:00+08:00,0.53743,0.54885,0.52888,0.54857,154395058.1,0.1
2021-02-19 12:00:00+08:00,0.54875,0.58195,0.54003,0.54839,372391599.4,0.1
2021-02-19 16:00:00+08:00,0.54865,0.56425,0.54802,0.55462,124770899.5,0.1
2021-02-19 20:00:00+08:00,0.55478,0.575,0.55478,0.56465,154993189.8,0.1
2021-02-20 00:00:00+08:00,0.56478,0.56964,0.555,0.56135,164230967.4,0.1
2021-02-20 04:00:00+08:00,0.56135,0.58235,0.55835,0.56541,174180915.1,0.1
2021-02-20 08:00:00+08:00,0.56566,0.57345,0.555,0.55924,151561985.0,0.1
2021-02-20 12:00:00+08:00,0.55897,0.5675,0.52,0.53651,294697182.7,0.1
2021-02-20 16:00:00+08:00,0.53656,0.5509,0.52921,0.53614,179654413.4,0.1
2021-02-20 20:00:00+08:00,0.53621,0.54,0.47231,0.51167,283154818.6,0.1
2021-02-21 00:00:00+08:00,0.5115,0.53236,0.50311,0.52515,194670600.6,0.1
2021-02-21 04:00:00+08:00,0.52515,0.53167,0.5154,0.51734,173056818.2,0.1
2021-02-21 08:00:00+08:00,0.51707,0.55858,0.5145,0.54913,207968312.9,0.1
2021-02-21 12:00:00+08:00,0.54912,0.55246,0.52933,0.53921,177185436.9,0.1
2021-02-21 16:00:00+08:00,0.53919,0.55227,0.53307,0.5489,147513284.6,0.1
2021-02-21 20:00:00+08:00,0.54891,0.55238,0.52422,0.54468,117080931.9,0.1
2021-02-22 00:00:00+08:00,0.54468,0.54691,0.52115,0.52355,148118051.6,0.1
2021-02-22 04:00:00+08:00,0.52347,0.65155,0.51501,0.59398,993625581.6,0.1
2021-02-22 08:00:00+08:00,0.59398,0.6,0.52708,0.58427,652617609.5,0.1
2021-02-22 12:00:00+08:00,0.58485,0.58952,0.51,0.55413,730012268.0,0.1
2021-02-22 16:00:00+08:00,0.55413,0.636,0.54547,0.58376,775793664.5,0.1
2021-02-22 20:00:00+08:00,0.58397,0.59389,0.5529,0.56646,271909348.2,0.1
2021-02-23 00:00:00+08:00,0.56637,0.57172,0.52522,0.54638,276306602.4,0.1
2021-02-23 04:00:00+08:00,0.54614,0.54955,0.50055,0.5159,337058546.5,0.1
2021-02-23 08:00:00+08:00,0.51558,0.51944,0.365,0.43803,1112913009.8,0.1
2021-02-23 12:00:00+08:00,0.43813,0.48,0.43177,0.46732,445734103.7,0.1
2021-02-23 16:00:00+08:00,0.46767,0.48642,0.44157,0.45256,263181020.3,0.1
2021-02-23 20:00:00+08:00,0.45266,0.47669,0.4487,0.47579,128350056.9,0.1
2021-02-24 00:00:00+08:00,0.4758,0.49898,0.45698,0.49601,205937087.4,0.1
2021-02-24 04:00:00+08:00,0.49589,0.49883,0.47581,0.48666,169400798.2,0.1
2021-02-24 08:00:00+08:00,0.4867,0.49999,0.48008,0.48863,168997294.3,0.1
2021-02-24 12:00:00+08:00,0.48864,0.4941,0.45547,0.47362,240658393.9,0.1
2021-02-24 16:00:00+08:00,0.47356,0.4807,0.4578,0.46113,112798606.5,0.1
2021-02-24 20:00:00+08:00,0.46118,0.47156,0.4512,0.4686,86922105.1,0.1
2021-02-25 00:00:00+08:00,0.46864,0.48233,0.4654,0.46972,94907942.9,0.1
2021-02-25 04:00:00+08:00,0.46966,0.47765,0.46154,0.47304,90312960.3,0.1
2021-02-25 08:00:00+08:00,0.473,0.47447,0.45306,0.46847,119406958.6,0.1
2021-02-25 12:00:00+08:00,0.46841,0.482,0.46618,0.47101,145925020.9,0.1
2021-02-25 16:00:00+08:00,0.471,0.47748,0.45859,0.461,103504412.9,0.1
2021-02-25 20:00:00+08:00,0.461,0.46229,0.4244,0.43601,155766420.6,0.1
2021-02-26 00:00:00+08:00,0.43599,0.44144,0.41111,0.43824,296130903.8,0.1
2021-02-26 04:00:00+08:00,0.43822,0.44343,0.41385,0.42169,173825075.7,0.1
2021-02-26 08:00:00+08:00,0.4217,0.4351,0.4217,0.42925,131913265.8,0.1
2021-02-26 12:00:00+08:00,0.42936,0.44099,0.42667,0.43873,99567762.4,0.1
2021-02-26 16:00:00+08:00,0.43875,0.45067,0.43331,0.43669,112846698.6,0.1
2021-02-26 20:00:00+08:00,0.4367,0.438,0.4187,0.42788,94183553.2,0.1
2021-02-27 00:00:00+08:00,0.42794,0.44455,0.42713,0.43823,88292639.9,0.1
2021-02-27 04:00:00+08:00,0.43829,0.44846,0.435,0.43905,88184485.3,0.1
2021-02-27 08:00:00+08:00,0.43901,0.448,0.42917,0.43787,125003832.4,0.1
2021-02-27 12:00:00+08:00,0.43794,0.45945,0.43471,0.44078,166532863.7,0.1
2021-02-27 16:00:00+08:00,0.44065,0.45132,0.43842,0.44892,65897425.4,0.1
2021-02-27 20:00:00+08:00,0.44893,0.45099,0.42681,0.43589,78236238.1,0.1
2021-02-28 00:00:00+08:00,0.43586,0.43876,0.41721,0.41771,86491427.4,0.1
2021-02-28 04:00:00+08:00,0.41803,0.4222,0.40307,0.4121,176308241.8,0.1
2021-02-28 08:00:00+08:00,0.4121,0.42322,0.41205,0.41914,88582055.7,0.1
2021-02-28 12:00:00+08:00,0.41909,0.42074,0.39719,0.40196,121617378.4,0.1
2021-02-28 16:00:00+08:00,0.40205,0.41399,0.39268,0.41297,127813408.4,0.1
2021-02-28 20:00:00+08:00,0.413,0.4217,0.4087,0.41565,73985481.1,0.1
2021-03-01 00:00:00+08:00,0.4157,0.42699,0.41207,0.42076,78458481.5,0.1
2021-03-01 04:00:00+08:00,0.42073,0.42834,0.41603,0.42274,88046971.8,0.1
2021-03-01 08:00:00+08:00,0.42275,0.43371,0.42275,0.43177,115977363.7,0.1
2021-03-01 12:00:00+08:00,0.43175,0.44062,0.42786,0.44017,111875082.5,0.1
2021-03-01 16:00:00+08:00,0.44035,0.454,0.43148,0.4334,145343594.1,0.1
2021-03-01 20:00:00+08:00,0.43336,0.44804,0.43251,0.44537,60947563.0,0.1
2021-03-02 00:00:00+08:00,0.44537,0.45532,0.43743,0.44001,98530185.1,0.1
2021-03-02 04:00:00+08:00,0.44015,0.44387,0.42779,0.43286,112839125.1,0.1
2021-03-02 08:00:00+08:00,0.43281,0.45001,0.43239,0.44176,142301306.3,0.1
2021-03-02 12:00:00+08:00,0.44173,0.44995,0.43826,0.44182,86377492.4,0.1
2021-03-02 16:00:00+08:00,0.44165,0.4432,0.42159,0.42906,135618207.8,0.1
2021-03-02 20:00:00+08:00,0.42906,0.437,0.42459,0.4357,69771703.3,0.1
2021-03-03 00:00:00+08:00,0.43572,0.43973,0.43011,0.43955,56342040.5,0.1
2021-03-03 04:00:00+08:00,0.43948,0.44727,0.43762,0.44523,71011597.5,0.1
2021-03-03 08:00:00+08:00,0.44524,0.46869,0.44523,0.45926,201581887.5,0.1
2021-03-03 12:00:00+08:00,0.45915,0.46265,0.44122,0.44873,154441376.5,0.1
2021-03-03 16:00:00+08:00,0.44871,0.4534,0.44021,0.44664,91744739.0,0.1
2021-03-03 20:00:00+08:00,0.44663,0.45445,0.44378,0.44846,66885968.0,0.1
2021-03-04 00:00:00+08:00,0.44841,0.45913,0.44128,0.4425,98019086.1,0.1
2021-03-04 04:00:00+08:00,0.44251,0.45791,0.43411,0.45766,148239995.4,0.1
2021-03-04 08:00:00+08:00,0.45754,0.47082,0.44352,0.45092,238097213.8,0.1
2021-03-04 12:00:00+08:00,0.45092,0.46421,0.44664,0.46041,159012253.6,0.1
2021-03-04 16:00:00+08:00,0.46022,0.49449,0.45008,0.46404,459071844.2,0.1
2021-03-04 20:00:00+08:00,0.46411,0.48695,0.46054,0.48096,142548958.9,0.1
2021-03-05 00:00:00+08:00,0.4812,0.48488,0.44575,0.46745,216377035.3,0.1
2021-03-05 04:00:00+08:00,0.46742,0.46742,0.4535,0.45839,111549326.0,0.1
2021-03-05 08:00:00+08:00,0.45843,0.46121,0.44702,0.45834,121301551.8,0.1
2021-03-05 12:00:00+08:00,0.4585,0.46562,0.45364,0.45987,121433769.0,0.1
2021-03-05 16:00:00+08:00,0.45977,0.4617,0.4482,0.46013,101214574.6,0.1
2021-03-05 20:00:00+08:00,0.46014,0.46536,0.45277,0.45457,79405748.0,0.1
2021-03-06 00:00:00+08:00,0.45441,0.4765,0.45321,0.46599,66811538.7,0.1
2021-03-06 04:00:00+08:00,0.46601,0.46894,0.45744,0.46669,69769228.8,0.1
2021-03-06 08:00:00+08:00,0.46678,0.46932,0.4593,0.46071,59339428.2,0.1
2021-03-06 12:00:00+08:00,0.46073,0.46137,0.44901,0.45323,78588569.2,0.1
2021-03-06 16:00:00+08:00,0.45303,0.46193,0.45035,0.45773,51935624.2,0.1
2021-03-06 20:00:00+08:00,0.45779,0.46482,0.45754,0.46285,39527638.4,0.1
2021-03-07 00:00:00+08:00,0.46292,0.46668,0.45913,0.46135,59291469.4,0.1
2021-03-07 04:00:00+08:00,0.4614,0.4646,0.45875,0.46396,39763339.6,0.1
2021-03-07 08:00:00+08:00,0.46402,0.4689,0.46236,0.46632,77859048.9,0.1
2021-03-07 12:00:00+08:00,0.46633,0.4666,0.4593,0.46285,58464443.8,0.1
2021-03-07 16:00:00+08:00,0.46299,0.46662,0.46066,0.46138,46239880.7,0.1
2021-03-07 20:00:00+08:00,0.46139,0.46644,0.45641,0.46558,44355032.5,0.1
2021-03-08 00:00:00+08:00,0.46579,0.47281,0.46296,0.46525,101527078.9,0.1
2021-03-08 04:00:00+08:00,0.46526,0.46919,0.46002,0.46099,58987804.8,0.1
2021-03-08 08:00:00+08:00,0.46111,0.48987,0.45505,0.4727,237556358.7,0.1
2021-03-08 12:00:00+08:00,0.4727,0.47638,0.46701,0.47243,103593459.2,0.1
2021-03-08 16:00:00+08:00,0.47243,0.48367,0.47111,0.47899,86707306.7,0.1
2021-03-08 20:00:00+08:00,0.47906,0.47983,0.46936,0.47412,92480587.6,0.1
2021-03-09 00:00:00+08:00,0.47413,0.48736,0.471,0.4838,99377471.7,0.1
2021-03-09 04:00:00+08:00,0.48381,0.48482,0.477,0.47861,77094638.3,0.1
2021-03-09 08:00:00+08:00,0.4786,0.48424,0.47701,0.48165,93561295.7,0.1
2021-03-09 12:00:00+08:00,0.48165,0.48165,0.47486,0.47891,82908948.1,0.1
2021-03-09 16:00:00+08:00,0.47906,0.48165,0.47527,0.48068,69975251.7,0.1
2021-03-09 20:00:00+08:00,0.48069,0.486,0.4783,0.4849,72576723.5,0.1
2021-03-10 00:00:00+08:00,0.48481,0.4887,0.4545,0.46139,178069041.1,0.1
2021-03-10 04:00:00+08:00,0.46139,0.47092,0.45772,0.4697,75447485.7,0.1
2021-03-10 08:00:00+08:00,0.46971,0.4715,0.46427,0.46673,80022107.2,0.1
2021-03-10 12:00:00+08:00,0.46674,0.47232,0.46161,0.46563,98650299.1,0.1
2021-03-10 16:00:00+08:00,0.46566,0.47043,0.46197,0.46611,79639925.6,0.1
2021-03-10 20:00:00+08:00,0.46621,0.46789,0.45639,0.46155,85376991.0,0.1
2021-03-11 00:00:00+08:00,0.4617,0.46427,0.4502,0.45694,95485682.5,0.1
2021-03-11 04:00:00+08:00,0.45688,0.45898,0.45167,0.45187,58764409.9,0.1
2021-03-11 08:00:00+08:00,0.45187,0.4524,0.44058,0.45094,116556525.9,0.1
2021-03-11 12:00:00+08:00,0.45094,0.4585,0.4491,0.45093,97035726.6,0.1
2021-03-11 16:00:00+08:00,0.45094,0.45466,0.44784,0.45046,94085921.2,0.1
2021-03-11 20:00:00+08:00,0.45033,0.45743,0.45,0.45187,73112582.1,0.1
2021-03-12 00:00:00+08:00,0.45187,0.46488,0.44542,0.4618,116337353.7,0.1
2021-03-12 04:00:00+08:00,0.4618,0.46266,0.45249,0.45471,84960577.0,0.1
2021-03-12 08:00:00+08:00,0.45441,0.45857,0.44572,0.44716,91749165.7,0.1
2021-03-12 12:00:00+08:00,0.44716,0.44889,0.42205,0.44714,208537572.7,0.1
2021-03-12 16:00:00+08:00,0.44713,0.4479,0.43771,0.43773,76008673.2,0.1
2021-03-12 20:00:00+08:00,0.43779,0.44082,0.43306,0.43934,87657500.4,0.1
2021-03-13 00:00:00+08:00,0.43934,0.44195,0.43205,0.4382,69308662.0,0.1
2021-03-13 04:00:00+08:00,0.4382,0.44565,0.43632,0.44411,71427314.7,0.1
2021-03-13 08:00:00+08:00,0.44412,0.45802,0.43933,0.45216,144531899.6,0.1
2021-03-13 12:00:00+08:00,0.45213,0.46646,0.44893,0.45669,125075606.3,0.1
2021-03-13 16:00:00+08:00,0.45684,0.46364,0.45151,0.45991,68484343.7,0.1
2021-03-13 20:00:00+08:00,0.4599,0.4654,0.45533,0.45787,68982148.9,0.1
2021-03-14 00:00:00+08:00,0.45786,0.46155,0.45157,0.45915,66626253.5,0.1
2021-03-14 04:00:00+08:00,0.4592,0.45973,0.44721,0.44924,62260137.6,0.1
2021-03-14 08:00:00+08:00,0.44922,0.45675,0.44208,0.4477,93652824.9,0.1
2021-03-14 12:00:00+08:00,0.4477,0.4494,0.44444,0.44667,65837452.4,0.1
2021-03-14 16:00:00+08:00,0.44683,0.44883,0.44047,0.44745,79084780.7,0.1
2021-03-14 20:00:00+08:00,0.44747,0.44906,0.43857,0.43905,48231816.5,0.1
2021-03-15 00:00:00+08:00,0.439,0.44578,0.43419,0.44261,59714962.9,0.1
